timestamp,ltp,bid_qty,ask_qty
2025-06-20 10:10:48.252278,29255.0,3307.0,3453.0
2025-06-20 10:10:52.066412,29255.0,3307.0,3455.0
2025-06-20 10:10:57.767835,29255.0,3296.0,3455.0
2025-06-20 10:11:03.071089,29255.0,3290.0,3492.0
2025-06-20 10:11:09.275509,29255.0,3311.0,3464.0
2025-06-20 10:11:15.080585,29255.0,3308.0,3450.0
2025-06-20 10:11:20.391394,29255.0,3342.0,3405.0
2025-06-20 10:11:25.485032,29255.0,3345.0,3404.0
2025-06-20 10:11:31.189414,29255.0,3351.0,3387.0
2025-06-20 10:11:36.870311,29255.0,3316.0,3419.0
2025-06-20 10:11:42.825329,29255.0,3326.0,3405.0
2025-06-20 10:11:46.589211,29245.0,3326.0,3405.0
2025-06-20 10:11:48.638610,29245.0,3333.0,3404.0
2025-06-20 10:11:54.507790,29245.0,3343.0,3411.0
2025-06-20 10:12:00.507437,29245.0,3352.0,3366.0
2025-06-20 10:12:05.603522,29260.0,3352.0,3366.0
2025-06-20 10:12:07.112452,29260.0,3334.0,3383.0
2025-06-20 10:12:13.870162,29260.0,3338.0,3379.0
2025-06-20 10:12:19.921015,29260.0,3334.0,3380.0
2025-06-20 10:12:20.601868,29260.0,3334.0,3380.0
2025-06-20 10:12:26.124688,29260.0,3335.0,3381.0
2025-06-20 10:12:32.449535,29285.0,3431.0,3269.0
2025-06-20 10:12:32.609552,29285.0,3431.0,3269.0
2025-06-20 10:12:36.609230,29275.0,3431.0,3269.0
2025-06-20 10:12:38.231465,29275.0,3406.0,3264.0
2025-06-20 10:12:40.518416,29275.0,3406.0,3264.0
2025-06-20 10:12:41.170304,29275.0,3406.0,3264.0
2025-06-20 10:12:42.293470,29275.0,3406.0,3264.0
2025-06-20 10:12:43.438133,29275.0,3406.0,3264.0
2025-06-20 10:12:44.137672,29275.0,3405.0,3268.0
2025-06-20 10:12:44.651874,29275.0,3405.0,3268.0
2025-06-20 10:12:45.422705,29275.0,3405.0,3268.0
2025-06-20 10:12:46.675006,29275.0,3405.0,3268.0
2025-06-20 10:12:47.634408,29275.0,3405.0,3268.0
2025-06-20 10:12:48.603323,29275.0,3405.0,3268.0
2025-06-20 10:12:49.156425,29275.0,3405.0,3268.0
2025-06-20 10:12:49.939728,29275.0,3422.0,3222.0
2025-06-20 10:12:50.467574,29275.0,3422.0,3222.0
2025-06-20 10:12:51.702484,29275.0,3422.0,3222.0
2025-06-20 10:12:53.262497,29275.0,3422.0,3222.0
2025-06-20 10:12:55.856752,29275.0,3426.0,3221.0
2025-06-20 10:12:58.603174,29285.0,3426.0,3221.0
2025-06-20 10:13:01.417929,29285.0,3416.0,3242.0
2025-06-20 10:13:07.093144,29285.0,3424.0,3240.0
2025-06-20 10:13:12.758344,29285.0,3424.0,3237.0
2025-06-20 10:13:18.562776,29285.0,3416.0,3254.0
2025-06-20 10:13:24.888659,29285.0,3416.0,3260.0
2025-06-20 10:13:30.604897,29310.0,3416.0,3260.0
2025-06-20 10:13:31.070346,29335.0,3465.0,3057.0
2025-06-20 10:13:32.619430,29335.0,3465.0,3057.0
2025-06-20 10:13:37.274068,29335.0,3568.0,3001.0
2025-06-20 10:13:43.389256,29335.0,3573.0,3024.0
2025-06-20 10:13:49.082831,29335.0,3573.0,3029.0
2025-06-20 10:13:50.615749,29340.0,3573.0,3029.0
2025-06-20 10:13:54.486279,29340.0,3555.0,3039.0
2025-06-20 10:14:00.298267,29340.0,3560.0,3035.0
2025-06-20 10:14:02.655647,29365.0,3560.0,3035.0
2025-06-20 10:14:05.907504,29365.0,3629.0,2986.0
2025-06-20 10:14:08.617313,29360.0,3629.0,2986.0
2025-06-20 10:14:11.603335,29360.0,3636.0,2994.0
2025-06-20 10:14:14.610723,29370.0,3636.0,2994.0
2025-06-20 10:14:16.605847,29375.0,3636.0,2994.0
2025-06-20 10:14:17.498621,29375.0,3666.0,2963.0
2025-06-20 10:14:22.611467,29360.0,3666.0,2963.0
2025-06-20 10:14:23.320905,29360.0,3571.0,3005.0
2025-06-20 10:14:28.601944,29360.0,3571.0,3005.0
2025-06-20 10:14:29.416335,29360.0,3631.0,3011.0
2025-06-20 10:14:35.107617,29360.0,3642.0,3014.0
2025-06-20 10:14:40.614787,29360.0,3629.0,3055.0
2025-06-20 10:14:44.613217,29360.0,3629.0,3055.0
2025-06-20 10:14:46.437085,29360.0,3625.0,3039.0
2025-06-20 10:14:48.606735,29360.0,3625.0,3039.0
2025-06-20 10:14:52.028473,29360.0,3631.0,3064.0
2025-06-20 10:14:58.130388,29360.0,3630.0,3075.0
2025-06-20 10:15:00.602848,29360.0,3630.0,3075.0
2025-06-20 10:15:04.451294,29360.0,3636.0,3069.0
2025-06-20 10:15:10.932618,29360.0,3620.0,3076.0
2025-06-20 10:15:17.237876,29375.0,3627.0,3050.0
2025-06-20 10:15:18.611834,29375.0,3627.0,3050.0
2025-06-20 10:15:20.614335,29360.0,3627.0,3050.0
2025-06-20 10:15:23.677984,29360.0,3631.0,3035.0
2025-06-20 10:15:29.948106,29360.0,3607.0,3075.0
2025-06-20 10:15:30.613326,29360.0,3607.0,3075.0
2025-06-20 10:15:32.612381,29360.0,3607.0,3075.0
2025-06-20 10:15:36.052441,29360.0,3610.0,3079.0
2025-06-20 10:15:40.964920,29360.0,3610.0,3079.0
2025-06-20 10:15:41.373273,29360.0,3610.0,3079.0
2025-06-20 10:15:42.057272,29360.0,3617.0,3080.0
2025-06-20 10:15:42.167655,29360.0,3617.0,3080.0
2025-06-20 10:15:43.462544,29360.0,3617.0,3080.0
2025-06-20 10:15:44.461251,29360.0,3617.0,3080.0
2025-06-20 10:15:45.777186,29360.0,3617.0,3080.0
2025-06-20 10:15:47.109173,29360.0,3617.0,3080.0
2025-06-20 10:15:47.870029,29375.0,3736.0,3011.0
2025-06-20 10:15:48.074315,29375.0,3736.0,3011.0
2025-06-20 10:15:48.610654,29375.0,3736.0,3011.0
2025-06-20 10:15:49.649988,29375.0,3736.0,3011.0
2025-06-20 10:15:50.888912,29375.0,3736.0,3011.0
2025-06-20 10:15:52.116958,29375.0,3736.0,3011.0
2025-06-20 10:15:53.691224,29375.0,3736.0,3011.0
2025-06-20 10:15:54.187924,29375.0,3721.0,3008.0
2025-06-20 10:16:00.569850,29375.0,3718.0,3047.0
2025-06-20 10:16:06.571418,29375.0,3731.0,3050.0
2025-06-20 10:16:12.474213,29375.0,3724.0,3048.0
2025-06-20 10:16:19.132123,29375.0,3720.0,3115.0
2025-06-20 10:16:25.589084,29375.0,3720.0,3115.0
2025-06-20 10:16:31.986061,29375.0,3720.0,3121.0
2025-06-20 10:16:38.298422,29375.0,3726.0,3120.0
2025-06-20 10:16:44.496927,29375.0,3719.0,3126.0
2025-06-20 10:16:50.798598,29375.0,3726.0,3121.0
2025-06-20 10:16:57.006185,29375.0,3729.0,3121.0
2025-06-20 10:17:03.007840,29375.0,3729.0,3121.0
2025-06-20 10:17:09.014984,29375.0,3727.0,3120.0
2025-06-20 10:17:15.116500,29375.0,3727.0,3123.0
2025-06-20 10:17:18.623352,29375.0,3727.0,3123.0
2025-06-20 10:17:21.131611,29375.0,3742.0,3092.0
2025-06-20 10:17:26.950034,29375.0,3727.0,3105.0
2025-06-20 10:17:33.129467,29375.0,3729.0,3108.0
2025-06-20 10:17:39.131499,29375.0,3728.0,3119.0
2025-06-20 10:17:44.622260,29380.0,3728.0,3119.0
2025-06-20 10:17:45.035722,29380.0,3742.0,3075.0
2025-06-20 10:17:50.627766,29360.0,3742.0,3075.0
2025-06-20 10:17:50.938638,29360.0,3722.0,3078.0
2025-06-20 10:17:56.628635,29380.0,3722.0,3078.0
2025-06-20 10:17:57.364941,29380.0,3731.0,3087.0
2025-06-20 10:18:03.544272,29380.0,3733.0,3082.0
2025-06-20 10:18:09.863917,29380.0,3732.0,3096.0
2025-06-20 10:18:15.655739,29380.0,3654.0,3018.0
2025-06-20 10:18:21.461434,29380.0,3640.0,3022.0
2025-06-20 10:18:28.558835,29380.0,3653.0,3007.0
2025-06-20 10:18:35.060401,29380.0,3659.0,3019.0
2025-06-20 10:18:40.766628,29380.0,3657.0,3013.0
2025-06-20 10:18:41.584155,29380.0,3657.0,3013.0
2025-06-20 10:18:42.125437,29380.0,3657.0,3013.0
2025-06-20 10:18:43.308528,29380.0,3657.0,3013.0
2025-06-20 10:18:44.436636,29380.0,3657.0,3013.0
2025-06-20 10:18:45.432118,29380.0,3657.0,3013.0
2025-06-20 10:18:46.390820,29380.0,3657.0,3013.0
2025-06-20 10:18:46.568674,29380.0,3652.0,3022.0
2025-06-20 10:18:47.683014,29380.0,3652.0,3022.0
2025-06-20 10:18:48.682507,29380.0,3652.0,3022.0
2025-06-20 10:18:50.191821,29380.0,3652.0,3022.0
2025-06-20 10:18:51.459703,29380.0,3652.0,3022.0
2025-06-20 10:18:52.472710,29380.0,3668.0,3015.0
2025-06-20 10:18:52.720193,29380.0,3668.0,3015.0
2025-06-20 10:18:54.436339,29380.0,3668.0,3015.0
2025-06-20 10:18:58.475383,29380.0,3667.0,3014.0
2025-06-20 10:19:02.645246,29360.0,3667.0,3014.0
2025-06-20 10:19:04.891004,29360.0,3653.0,3006.0
2025-06-20 10:19:08.631113,29360.0,3653.0,3006.0
2025-06-20 10:19:11.184150,29360.0,3643.0,3021.0
2025-06-20 10:19:17.186386,29360.0,3642.0,3022.0
2025-06-20 10:19:23.191925,29380.0,3643.0,3021.0
2025-06-20 10:19:23.653205,29380.0,3643.0,3021.0
2025-06-20 10:19:29.296614,29380.0,3643.0,3019.0
2025-06-20 10:19:35.500820,29380.0,3644.0,3030.0
2025-06-20 10:19:41.669275,29380.0,3619.0,3029.0
2025-06-20 10:19:47.425960,29380.0,3620.0,3025.0
2025-06-20 10:19:52.933607,29380.0,3620.0,3027.0
2025-06-20 10:19:59.129032,29380.0,3620.0,3025.0
2025-06-20 10:19:59.639878,29380.0,3620.0,3025.0
2025-06-20 10:20:04.641777,29380.0,3620.0,3025.0
2025-06-20 10:20:05.233610,29380.0,3634.0,2960.0
2025-06-20 10:20:10.642310,29370.0,3634.0,2960.0
2025-06-20 10:20:11.844593,29370.0,3623.0,2968.0
2025-06-20 10:20:18.243889,29370.0,3624.0,2960.0
2025-06-20 10:20:24.354655,29370.0,3651.0,2957.0
2025-06-20 10:20:28.682838,29385.0,3651.0,2957.0
2025-06-20 10:20:30.255761,29380.0,3641.0,2931.0
2025-06-20 10:20:31.649111,29380.0,3641.0,2931.0
2025-06-20 10:20:34.643010,29390.0,3641.0,2931.0
2025-06-20 10:20:36.470161,29390.0,3636.0,2931.0
2025-06-20 10:20:42.565239,29390.0,3630.0,2933.0
2025-06-20 10:20:48.468385,29390.0,3632.0,2941.0
2025-06-20 10:20:52.648471,29365.0,3632.0,2941.0
2025-06-20 10:20:54.672003,29365.0,3641.0,2962.0
2025-06-20 10:20:58.646727,29385.0,3641.0,2962.0
2025-06-20 10:21:00.902624,29385.0,3648.0,2961.0
2025-06-20 10:21:07.276644,29385.0,3657.0,2943.0
2025-06-20 10:21:13.690916,29385.0,3652.0,2959.0
2025-06-20 10:21:19.650406,29410.0,3652.0,2959.0
2025-06-20 10:21:19.685509,29410.0,3694.0,2708.0
2025-06-20 10:21:25.591441,29410.0,3701.0,2719.0
2025-06-20 10:21:32.202477,29410.0,3702.0,2730.0
2025-06-20 10:21:34.649005,29400.0,3702.0,2730.0
2025-06-20 10:21:37.596480,29400.0,3666.0,2803.0
2025-06-20 10:21:41.808152,29400.0,3666.0,2803.0
2025-06-20 10:21:42.179967,29400.0,3666.0,2803.0
2025-06-20 10:21:43.094119,29400.0,3666.0,2803.0
2025-06-20 10:21:43.502633,29400.0,3682.0,2801.0
2025-06-20 10:21:43.722880,29400.0,3682.0,2801.0
2025-06-20 10:21:44.435964,29400.0,3682.0,2801.0
2025-06-20 10:21:45.478491,29400.0,3682.0,2801.0
2025-06-20 10:21:46.834703,29400.0,3682.0,2801.0
2025-06-20 10:21:48.142986,29400.0,3682.0,2801.0
2025-06-20 10:21:49.119748,29400.0,3682.0,2801.0
2025-06-20 10:21:49.206574,29400.0,3681.0,2829.0
2025-06-20 10:21:50.707219,29400.0,3681.0,2829.0
2025-06-20 10:21:51.976913,29400.0,3681.0,2829.0
2025-06-20 10:21:52.712773,29400.0,3681.0,2829.0
2025-06-20 10:21:53.188843,29400.0,3681.0,2829.0
2025-06-20 10:21:54.811361,29400.0,3681.0,2829.0
2025-06-20 10:21:54.942645,29400.0,3680.0,2835.0
2025-06-20 10:22:00.507223,29415.0,3686.0,2753.0
2025-06-20 10:22:01.693932,29420.0,3686.0,2753.0
2025-06-20 10:22:06.425761,29420.0,3697.0,2762.0
2025-06-20 10:22:12.215380,29420.0,3700.0,2754.0
2025-06-20 10:22:18.522750,29420.0,3678.0,2778.0
2025-06-20 10:22:19.653093,29420.0,3678.0,2778.0
2025-06-20 10:22:24.623093,29420.0,3685.0,2776.0
2025-06-20 10:22:31.180081,29420.0,3677.0,2768.0
2025-06-20 10:22:36.731965,29405.0,3654.0,2922.0
2025-06-20 10:22:37.657028,29385.0,3654.0,2922.0
2025-06-20 10:22:42.344425,29385.0,3606.0,2940.0
2025-06-20 10:22:43.663429,29410.0,3606.0,2940.0
2025-06-20 10:22:48.040470,29410.0,3636.0,2923.0
2025-06-20 10:22:49.659179,29415.0,3636.0,2923.0
2025-06-20 10:22:53.741988,29415.0,3657.0,2903.0
2025-06-20 10:23:00.046064,29415.0,3666.0,2893.0
2025-06-20 10:23:01.657582,29420.0,3666.0,2893.0
2025-06-20 10:23:05.959991,29420.0,3666.0,2943.0
2025-06-20 10:23:11.763310,29420.0,3660.0,2966.0
2025-06-20 10:23:13.655351,29420.0,3660.0,2966.0
2025-06-20 10:23:17.256399,29420.0,3670.0,2957.0
2025-06-20 10:23:23.260256,29420.0,3666.0,2967.0
2025-06-20 10:23:29.076008,29420.0,3900.0,2943.0
2025-06-20 10:23:34.678933,29420.0,3876.0,2950.0
2025-06-20 10:23:37.659006,29420.0,3876.0,2950.0
2025-06-20 10:23:40.584004,29420.0,3870.0,2954.0
2025-06-20 10:23:41.657633,29420.0,3870.0,2954.0
2025-06-20 10:23:43.662302,29410.0,3870.0,2954.0
2025-06-20 10:23:46.705227,29410.0,3879.0,2938.0
2025-06-20 10:23:47.661998,29420.0,3879.0,2938.0
2025-06-20 10:23:52.480470,29420.0,3877.0,2933.0
2025-06-20 10:23:58.188257,29420.0,3877.0,2935.0
2025-06-20 10:24:03.698782,29420.0,3874.0,2932.0
2025-06-20 10:24:09.252194,29420.0,3869.0,2926.0
2025-06-20 10:24:15.097376,29420.0,3863.0,2930.0
2025-06-20 10:24:15.699909,29405.0,3863.0,2930.0
2025-06-20 10:24:20.795986,29405.0,3854.0,2943.0
2025-06-20 10:24:21.664708,29420.0,3854.0,2943.0
2025-06-20 10:24:26.203369,29420.0,3849.0,2947.0
2025-06-20 10:24:32.006647,29420.0,3846.0,2958.0
2025-06-20 10:24:37.941337,29420.0,3877.0,3015.0
2025-06-20 10:24:42.294558,29420.0,3877.0,3015.0
2025-06-20 10:24:43.503480,29420.0,3877.0,3015.0
2025-06-20 10:24:43.816021,29420.0,3880.0,2992.0
2025-06-20 10:24:44.036618,29420.0,3880.0,2992.0
2025-06-20 10:24:45.061180,29420.0,3880.0,2992.0
2025-06-20 10:24:46.077880,29420.0,3880.0,2992.0
2025-06-20 10:24:47.696685,29420.0,3880.0,2992.0
2025-06-20 10:24:48.788071,29420.0,3880.0,2992.0
2025-06-20 10:24:49.511261,29420.0,3871.0,2994.0
2025-06-20 10:24:49.798404,29420.0,3871.0,2994.0
2025-06-20 10:24:51.294038,29420.0,3871.0,2994.0
2025-06-20 10:24:52.572075,29420.0,3871.0,2994.0
2025-06-20 10:24:53.819333,29420.0,3871.0,2994.0
2025-06-20 10:24:55.117639,29420.0,3874.0,2991.0
2025-06-20 10:24:55.457262,29420.0,3874.0,2991.0
2025-06-20 10:25:00.937807,29420.0,3888.0,2981.0
2025-06-20 10:25:07.023473,29420.0,3889.0,2984.0
2025-06-20 10:25:12.670357,29410.0,3889.0,2984.0
2025-06-20 10:25:13.227409,29410.0,3881.0,2985.0
2025-06-20 10:25:19.528070,29410.0,3893.0,2977.0
2025-06-20 10:25:25.487944,29410.0,3895.0,3008.0
2025-06-20 10:25:31.452075,29410.0,3896.0,2995.0
2025-06-20 10:25:37.847853,29410.0,3893.0,2996.0
2025-06-20 10:25:44.047975,29410.0,3896.0,3001.0
2025-06-20 10:25:50.156401,29410.0,3913.0,2983.0
2025-06-20 10:25:56.165004,29410.0,3888.0,2978.0
2025-06-20 10:26:01.862396,29410.0,3884.0,2982.0
2025-06-20 10:26:08.064504,29410.0,3900.0,2982.0
2025-06-20 10:26:14.483852,29410.0,3898.0,2993.0
2025-06-20 10:26:20.774812,29410.0,3894.0,2994.0
2025-06-20 10:26:24.667931,29410.0,3894.0,2994.0
2025-06-20 10:26:26.979591,29410.0,3892.0,2995.0
2025-06-20 10:26:27.682822,29415.0,3892.0,2995.0
2025-06-20 10:26:30.678754,29415.0,3892.0,2995.0
2025-06-20 10:26:32.983861,29415.0,3888.0,3002.0
2025-06-20 10:26:33.666054,29415.0,3888.0,3002.0
2025-06-20 10:26:36.674406,29415.0,3888.0,3002.0
2025-06-20 10:26:39.398973,29415.0,3879.0,2993.0
2025-06-20 10:26:39.678456,29415.0,3879.0,2993.0
2025-06-20 10:26:45.799399,29415.0,3881.0,2995.0
2025-06-20 10:26:51.912994,29415.0,3890.0,2995.0
2025-06-20 10:26:58.209507,29415.0,3891.0,2997.0
2025-06-20 10:27:04.520777,29415.0,3890.0,2993.0
2025-06-20 10:27:11.014400,29415.0,3877.0,2992.0
2025-06-20 10:27:17.737171,29415.0,3877.0,2989.0
2025-06-20 10:27:18.676340,29415.0,3877.0,2989.0
2025-06-20 10:27:24.325342,29415.0,3873.0,2987.0
2025-06-20 10:27:31.351609,29415.0,3869.0,2983.0
2025-06-20 10:27:37.556896,29415.0,3877.0,3009.0
2025-06-20 10:27:42.682102,29415.0,3877.0,3009.0
2025-06-20 10:27:43.026300,29415.0,3877.0,3009.0
2025-06-20 10:27:44.142512,29415.0,3882.0,2998.0
2025-06-20 10:27:44.268655,29415.0,3882.0,2998.0
2025-06-20 10:27:45.274589,29415.0,3882.0,2998.0
2025-06-20 10:27:46.291974,29415.0,3882.0,2998.0
2025-06-20 10:27:47.710371,29415.0,3882.0,2998.0
2025-06-20 10:27:49.008095,29415.0,3882.0,2998.0
2025-06-20 10:27:50.348308,29415.0,3880.0,3003.0
2025-06-20 10:27:51.516610,29415.0,3880.0,3003.0
2025-06-20 10:27:51.681073,29400.0,3880.0,3003.0
2025-06-20 10:27:52.817717,29400.0,3880.0,3003.0
2025-06-20 10:27:54.021935,29400.0,3880.0,3003.0
2025-06-20 10:27:55.619957,29400.0,3880.0,3003.0
2025-06-20 10:27:56.754197,29400.0,3869.0,3011.0
2025-06-20 10:27:57.681951,29415.0,3869.0,3011.0
2025-06-20 10:28:02.674583,29375.0,3869.0,3011.0
2025-06-20 10:28:03.060389,29375.0,3848.0,3019.0
2025-06-20 10:28:04.674937,29410.0,3848.0,3019.0
2025-06-20 10:28:09.161709,29410.0,3869.0,3003.0
2025-06-20 10:28:15.166718,29410.0,3854.0,3003.0
2025-06-20 10:28:17.674441,29405.0,3854.0,3003.0
2025-06-20 10:28:21.282092,29405.0,3850.0,3026.0
2025-06-20 10:28:23.695780,29400.0,3850.0,3026.0
2025-06-20 10:28:27.077464,29400.0,3876.0,3003.0
2025-06-20 10:28:29.671726,29405.0,3876.0,3003.0
2025-06-20 10:28:33.282936,29405.0,3876.0,2996.0
2025-06-20 10:28:35.679715,29405.0,3876.0,2996.0
2025-06-20 10:28:39.497283,29405.0,3877.0,2997.0
2025-06-20 10:28:41.677689,29405.0,3877.0,2997.0
2025-06-20 10:28:45.589001,29405.0,3885.0,2993.0
2025-06-20 10:28:51.788408,29405.0,3880.0,2974.0
2025-06-20 10:28:57.999766,29405.0,3889.0,3001.0
2025-06-20 10:29:01.678763,29385.0,3889.0,3001.0
2025-06-20 10:29:03.907928,29385.0,3881.0,2978.0
2025-06-20 10:29:05.679069,29410.0,3881.0,2978.0
2025-06-20 10:29:10.002735,29410.0,3877.0,2980.0
2025-06-20 10:29:11.689889,29410.0,3877.0,2980.0
2025-06-20 10:29:16.207282,29410.0,3872.0,2994.0
2025-06-20 10:29:17.687377,29410.0,3872.0,2994.0
2025-06-20 10:29:22.011539,29410.0,3882.0,2983.0
2025-06-20 10:29:27.735500,29410.0,3878.0,2988.0
2025-06-20 10:29:31.683858,29400.0,3878.0,2988.0
2025-06-20 10:29:33.320408,29400.0,3894.0,2955.0
2025-06-20 10:29:33.683209,29410.0,3894.0,2955.0
2025-06-20 10:29:38.675211,29410.0,3894.0,2955.0
2025-06-20 10:29:39.125099,29410.0,3916.0,2978.0
2025-06-20 10:29:41.713772,29410.0,3916.0,2978.0
2025-06-20 10:29:45.165368,29410.0,3914.0,2974.0
2025-06-20 10:29:47.684961,29410.0,3914.0,2974.0
2025-06-20 10:29:51.071321,29410.0,3913.0,2980.0
2025-06-20 10:29:56.738671,29410.0,3913.0,2980.0
2025-06-20 10:30:01.701148,29410.0,3913.0,2980.0
2025-06-20 10:30:02.137842,29415.0,3934.0,2782.0
2025-06-20 10:30:04.679229,29420.0,3934.0,2782.0
2025-06-20 10:30:08.146051,29420.0,3948.0,2809.0
2025-06-20 10:30:14.259743,29420.0,3947.0,2818.0
2025-06-20 10:30:20.191167,29420.0,3931.0,2809.0
2025-06-20 10:30:25.855293,29420.0,3937.0,2795.0
2025-06-20 10:30:27.708821,29440.0,3937.0,2795.0
2025-06-20 10:30:31.569190,29440.0,3936.0,2798.0
2025-06-20 10:30:36.683411,29440.0,3936.0,2798.0
2025-06-20 10:30:37.367515,29440.0,3948.0,2801.0
2025-06-20 10:30:43.183231,29440.0,3948.0,2801.0
2025-06-20 10:30:43.225931,29440.0,3939.0,2810.0
2025-06-20 10:30:43.534430,29440.0,3939.0,2810.0
2025-06-20 10:30:44.213764,29440.0,3939.0,2810.0
2025-06-20 10:30:45.310160,29440.0,3939.0,2810.0
2025-06-20 10:30:46.489171,29440.0,3939.0,2810.0
2025-06-20 10:30:47.664597,29440.0,3939.0,2810.0
2025-06-20 10:30:48.415963,29440.0,3939.0,2810.0
2025-06-20 10:30:48.777900,29440.0,3926.0,2842.0
2025-06-20 10:30:49.725363,29440.0,3926.0,2842.0
2025-06-20 10:30:50.757434,29440.0,3926.0,2842.0
2025-06-20 10:30:52.253965,29440.0,3926.0,2842.0
2025-06-20 10:30:53.518593,29440.0,3926.0,2842.0
2025-06-20 10:30:54.285295,29440.0,3916.0,2835.0
2025-06-20 10:30:54.803744,29440.0,3916.0,2835.0
2025-06-20 10:30:56.508615,29440.0,3916.0,2835.0
2025-06-20 10:31:00.382595,29440.0,3918.0,2834.0
2025-06-20 10:31:06.729255,29440.0,3913.0,2842.0
2025-06-20 10:31:12.893939,29440.0,3920.0,2843.0
2025-06-20 10:31:18.901327,29440.0,3944.0,2840.0
2025-06-20 10:31:21.707058,29440.0,3944.0,2840.0
2025-06-20 10:31:24.831171,29440.0,3939.0,2823.0
2025-06-20 10:31:30.502311,29440.0,3939.0,2835.0
2025-06-20 10:31:36.608321,29440.0,3936.0,2826.0
2025-06-20 10:31:39.757347,29425.0,3936.0,2826.0
2025-06-20 10:31:42.611098,29420.0,3920.0,2834.0
2025-06-20 10:31:42.736077,29420.0,3920.0,2834.0
2025-06-20 10:31:45.763935,29420.0,3920.0,2834.0
2025-06-20 10:31:48.535174,29420.0,3922.0,2828.0
2025-06-20 10:31:48.708136,29420.0,3922.0,2828.0
2025-06-20 10:31:54.650186,29420.0,3921.0,2836.0
2025-06-20 10:32:00.225055,29420.0,3812.0,2853.0
2025-06-20 10:32:06.227131,29420.0,3911.0,2855.0
2025-06-20 10:32:12.631321,29420.0,3901.0,2858.0
2025-06-20 10:32:15.735348,29435.0,3901.0,2858.0
2025-06-20 10:32:18.953409,29405.0,3899.0,2865.0
2025-06-20 10:32:19.695249,29430.0,3899.0,2865.0
2025-06-20 10:32:25.239184,29430.0,3922.0,2823.0
2025-06-20 10:32:27.691800,29430.0,3922.0,2823.0
2025-06-20 10:32:31.345941,29430.0,3913.0,2861.0
2025-06-20 10:32:33.688700,29435.0,3913.0,2861.0
2025-06-20 10:32:36.730795,29435.0,3913.0,2861.0
2025-06-20 10:32:37.648856,29435.0,3912.0,2865.0
2025-06-20 10:32:39.733850,29435.0,3912.0,2865.0
2025-06-20 10:32:43.547993,29435.0,3916.0,2814.0
2025-06-20 10:32:49.463852,29435.0,3930.0,2833.0
2025-06-20 10:32:55.996694,29435.0,3915.0,2830.0
2025-06-20 10:33:01.767119,29435.0,3918.0,2834.0
2025-06-20 10:33:06.710878,29420.0,3918.0,2834.0
2025-06-20 10:33:07.694352,29420.0,3913.0,2837.0
2025-06-20 10:33:09.149434,29440.0,3913.0,2837.0
2025-06-20 10:33:13.317192,29440.0,3924.0,2829.0
2025-06-20 10:33:19.172914,29440.0,3926.0,2851.0
2025-06-20 10:33:24.691062,29435.0,3926.0,2851.0
2025-06-20 10:33:25.180461,29435.0,3927.0,2849.0
2025-06-20 10:33:26.697632,29435.0,3927.0,2849.0
2025-06-20 10:33:31.181750,29435.0,3912.0,2848.0
2025-06-20 10:33:36.704410,29435.0,3912.0,2848.0
2025-06-20 10:33:37.285247,29435.0,3924.0,2842.0
2025-06-20 10:33:43.186748,29435.0,3929.0,2856.0
2025-06-20 10:33:43.683499,29435.0,3929.0,2856.0
2025-06-20 10:33:44.068204,29435.0,3929.0,2856.0
2025-06-20 10:33:45.036781,29435.0,3929.0,2856.0
2025-06-20 10:33:46.381775,29435.0,3929.0,2856.0
2025-06-20 10:33:47.519813,29435.0,3929.0,2856.0
2025-06-20 10:33:48.793843,29435.0,3929.0,2856.0
2025-06-20 10:33:49.026904,29435.0,3919.0,2860.0
2025-06-20 10:33:50.143607,29435.0,3919.0,2860.0
2025-06-20 10:33:51.358986,29435.0,3919.0,2860.0
2025-06-20 10:33:52.667402,29435.0,3919.0,2860.0
2025-06-20 10:33:53.994816,29435.0,3919.0,2860.0
2025-06-20 10:33:54.930241,29435.0,3920.0,2860.0
2025-06-20 10:33:55.194798,29435.0,3920.0,2860.0
2025-06-20 10:33:56.842834,29435.0,3920.0,2860.0
2025-06-20 10:34:00.686295,29430.0,3920.0,2860.0
2025-06-20 10:34:00.709107,29430.0,3916.0,2841.0
2025-06-20 10:34:03.693830,29440.0,3916.0,2841.0
2025-06-20 10:34:06.307418,29460.0,4084.0,2718.0
2025-06-20 10:34:06.697312,29460.0,4084.0,2718.0
2025-06-20 10:34:09.691229,29450.0,4084.0,2718.0
2025-06-20 10:34:12.415444,29450.0,4058.0,2781.0
2025-06-20 10:34:18.209803,29450.0,4053.0,2793.0
2025-06-20 10:34:23.808923,29450.0,4055.0,2792.0
2025-06-20 10:34:29.424089,29450.0,4065.0,2783.0
2025-06-20 10:34:35.116676,29455.0,4051.0,2789.0
2025-06-20 10:34:36.734800,29455.0,4051.0,2789.0
2025-06-20 10:34:40.820393,29455.0,4058.0,2790.0
2025-06-20 10:34:46.436456,29455.0,4057.0,2790.0
2025-06-20 10:34:52.430018,29455.0,4056.0,2788.0
2025-06-20 10:34:57.538803,29455.0,4058.0,2792.0
2025-06-20 10:35:02.839700,29455.0,4059.0,2792.0
2025-06-20 10:35:08.470818,29455.0,4057.0,2792.0
2025-06-20 10:35:14.144574,29455.0,4049.0,2795.0
2025-06-20 10:35:20.051404,29455.0,4056.0,2803.0
2025-06-20 10:35:25.852662,29455.0,4060.0,2789.0
2025-06-20 10:35:31.756984,29455.0,4056.0,2802.0
2025-06-20 10:35:37.760987,29455.0,4054.0,2789.0
2025-06-20 10:35:43.477229,29455.0,4057.0,2800.0
2025-06-20 10:35:49.368180,29455.0,4056.0,2787.0
2025-06-20 10:35:53.711031,29470.0,4056.0,2787.0
2025-06-20 10:35:55.369271,29470.0,4051.0,2784.0
2025-06-20 10:35:55.720613,29470.0,4051.0,2784.0
2025-06-20 10:36:00.896259,29470.0,4051.0,2796.0
2025-06-20 10:36:01.714203,29470.0,4051.0,2796.0
2025-06-20 10:36:06.678032,29470.0,4050.0,2796.0
2025-06-20 10:36:12.899833,29470.0,4052.0,2781.0
2025-06-20 10:36:17.712857,29470.0,4052.0,2781.0
2025-06-20 10:36:18.891511,29470.0,4052.0,2782.0
2025-06-20 10:36:24.684464,29470.0,4051.0,2796.0
2025-06-20 10:36:26.701535,29455.0,4051.0,2796.0
2025-06-20 10:36:30.692528,29455.0,4050.0,2798.0
2025-06-20 10:36:32.703164,29470.0,4050.0,2798.0
2025-06-20 10:36:35.710602,29475.0,4050.0,2798.0
2025-06-20 10:36:36.896197,29475.0,4083.0,2709.0
2025-06-20 10:36:41.714498,29495.0,4083.0,2709.0
2025-06-20 10:36:42.793970,29500.0,4080.0,2728.0
2025-06-20 10:36:44.176301,29500.0,4080.0,2728.0
2025-06-20 10:36:44.709756,29500.0,4080.0,2728.0
2025-06-20 10:36:44.844829,29500.0,4080.0,2728.0
2025-06-20 10:36:45.238714,29500.0,4080.0,2728.0
2025-06-20 10:36:46.283116,29500.0,4080.0,2728.0
2025-06-20 10:36:47.414564,29500.0,4080.0,2728.0
2025-06-20 10:36:48.395204,29500.0,4080.0,2728.0
2025-06-20 10:36:48.404936,29500.0,4081.0,2742.0
2025-06-20 10:36:49.352546,29500.0,4081.0,2742.0
2025-06-20 10:36:50.690367,29500.0,4081.0,2742.0
2025-06-20 10:36:51.670187,29500.0,4081.0,2742.0
2025-06-20 10:36:53.226531,29500.0,4081.0,2742.0
2025-06-20 10:36:54.103190,29500.0,4088.0,2706.0
2025-06-20 10:36:54.513240,29500.0,4088.0,2706.0
2025-06-20 10:36:55.760522,29500.0,4088.0,2706.0
2025-06-20 10:36:57.374590,29500.0,4088.0,2706.0
2025-06-20 10:36:58.703808,29500.0,4088.0,2706.0
2025-06-20 10:36:59.717101,29500.0,4086.0,2720.0
2025-06-20 10:37:04.707291,29505.0,4086.0,2720.0
2025-06-20 10:37:05.609582,29505.0,3987.0,2740.0
2025-06-20 10:37:06.721816,29505.0,3987.0,2740.0
2025-06-20 10:37:11.728909,29505.0,3979.0,2736.0
2025-06-20 10:37:14.704137,29520.0,3979.0,2736.0
2025-06-20 10:37:17.324431,29520.0,3971.0,2751.0
2025-06-20 10:37:22.709202,29505.0,3971.0,2751.0
2025-06-20 10:37:23.035565,29505.0,3975.0,2761.0
2025-06-20 10:37:25.703801,29505.0,3975.0,2761.0
2025-06-20 10:37:28.679300,29505.0,3982.0,2758.0
2025-06-20 10:37:34.126680,29505.0,3990.0,2766.0
2025-06-20 10:37:39.631458,29520.0,4031.0,2726.0
2025-06-20 10:37:40.713325,29520.0,4031.0,2726.0
2025-06-20 10:37:45.478637,29520.0,4018.0,2738.0
2025-06-20 10:37:51.139931,29520.0,4018.0,2740.0
2025-06-20 10:37:55.706869,29550.0,4018.0,2740.0
2025-06-20 10:37:56.649937,29550.0,4083.0,2647.0
2025-06-20 10:37:58.711303,29540.0,4083.0,2647.0
2025-06-20 10:38:02.250065,29540.0,4045.0,2665.0
2025-06-20 10:38:04.705774,29540.0,4045.0,2665.0
2025-06-20 10:38:07.971808,29540.0,4032.0,2678.0
2025-06-20 10:38:13.558946,29540.0,4024.0,2673.0
2025-06-20 10:38:17.706355,29550.0,4024.0,2673.0
2025-06-20 10:38:19.169775,29550.0,4014.0,2693.0
2025-06-20 10:38:19.714049,29550.0,4014.0,2693.0
2025-06-20 10:38:21.707459,29555.0,4014.0,2693.0
2025-06-20 10:38:24.767587,29555.0,4024.0,2738.0
2025-06-20 10:38:27.706355,29510.0,4024.0,2738.0
2025-06-20 10:38:30.189528,29510.0,3960.0,2895.0
2025-06-20 10:38:35.577750,29485.0,3884.0,2951.0
2025-06-20 10:38:35.717172,29485.0,3884.0,2951.0
2025-06-20 10:38:41.460906,29485.0,3933.0,2960.0
2025-06-20 10:38:47.260609,29485.0,3948.0,2942.0
2025-06-20 10:38:49.713557,29500.0,3948.0,2942.0
2025-06-20 10:38:51.709023,29480.0,3948.0,2942.0
2025-06-20 10:38:52.689754,29480.0,3930.0,2940.0
2025-06-20 10:38:58.093001,29480.0,3918.0,2959.0
2025-06-20 10:39:01.751360,29470.0,3918.0,2959.0
2025-06-20 10:39:03.596459,29470.0,3882.0,3016.0
2025-06-20 10:39:09.512650,29475.0,3898.0,3019.0
2025-06-20 10:39:09.715966,29475.0,3898.0,3019.0
2025-06-20 10:39:11.714568,29460.0,3898.0,3019.0
2025-06-20 10:39:15.107937,29455.0,3821.0,3098.0
2025-06-20 10:39:15.711025,29455.0,3821.0,3098.0
2025-06-20 10:39:17.719606,29430.0,3821.0,3098.0
2025-06-20 10:39:20.524454,29430.0,3943.0,3086.0
2025-06-20 10:39:25.715771,29455.0,3943.0,3086.0
2025-06-20 10:39:26.118892,29455.0,3960.0,3054.0
2025-06-20 10:39:32.041196,29455.0,3958.0,3060.0
2025-06-20 10:39:35.720264,29455.0,3958.0,3060.0
2025-06-20 10:39:37.716771,29455.0,3958.0,3060.0
2025-06-20 10:39:38.230348,29455.0,3967.0,3061.0
2025-06-20 10:39:44.443086,29455.0,3985.0,3067.0
2025-06-20 10:39:44.669298,29455.0,3985.0,3067.0
2025-06-20 10:39:45.035042,29455.0,3985.0,3067.0
2025-06-20 10:39:46.066986,29455.0,3985.0,3067.0
2025-06-20 10:39:47.428686,29455.0,3985.0,3067.0
2025-06-20 10:39:48.453534,29455.0,3985.0,3067.0
2025-06-20 10:39:49.827147,29455.0,3985.0,3067.0
2025-06-20 10:39:50.446538,29455.0,3978.0,3077.0
2025-06-20 10:39:51.251873,29455.0,3978.0,3077.0
2025-06-20 10:39:52.148382,29455.0,3978.0,3077.0
2025-06-20 10:39:53.832171,29455.0,3978.0,3077.0
2025-06-20 10:39:55.039280,29455.0,3978.0,3077.0
2025-06-20 10:39:56.244408,29455.0,3978.0,3077.0
2025-06-20 10:39:56.267088,29455.0,3988.0,3062.0
2025-06-20 10:39:57.881142,29455.0,3988.0,3062.0
2025-06-20 10:40:02.059658,29455.0,3988.0,3063.0
2025-06-20 10:40:03.728460,29460.0,3988.0,3063.0
2025-06-20 10:40:08.259506,29460.0,3993.0,3057.0
2025-06-20 10:40:14.151756,29460.0,3988.0,3055.0
2025-06-20 10:40:20.062654,29460.0,3986.0,3059.0
2025-06-20 10:40:25.988831,29460.0,3986.0,3062.0
2025-06-20 10:40:31.667197,29460.0,3996.0,3064.0
2025-06-20 10:40:37.200511,29460.0,3992.0,3067.0
2025-06-20 10:40:42.676201,29460.0,3985.0,3067.0
2025-06-20 10:40:48.280777,29460.0,3994.0,3063.0
2025-06-20 10:40:53.745810,29445.0,3994.0,3063.0
2025-06-20 10:40:54.187305,29445.0,3954.0,3108.0
2025-06-20 10:40:59.890371,29445.0,3955.0,3099.0
2025-06-20 10:41:06.046946,29445.0,3983.0,3093.0
2025-06-20 10:41:12.206328,29445.0,3983.0,3200.0
2025-06-20 10:41:15.725707,29440.0,3983.0,3200.0
2025-06-20 10:41:18.303905,29440.0,3938.0,3186.0
2025-06-20 10:41:23.916644,29440.0,3943.0,3175.0
2025-06-20 10:41:30.262407,29440.0,3974.0,3194.0
2025-06-20 10:41:34.749244,29450.0,3974.0,3194.0
2025-06-20 10:41:36.318422,29450.0,4012.0,3174.0
2025-06-20 10:41:41.745752,29460.0,4012.0,3174.0
2025-06-20 10:41:42.573643,29460.0,3990.0,3152.0
2025-06-20 10:41:44.738970,29460.0,3990.0,3152.0
2025-06-20 10:41:48.570037,29460.0,3988.0,3158.0
2025-06-20 10:41:53.822462,29460.0,3993.0,3164.0
2025-06-20 10:41:56.744035,29460.0,3993.0,3164.0
2025-06-20 10:41:59.189440,29460.0,3995.0,3156.0
2025-06-20 10:42:02.755684,29470.0,3995.0,3156.0
2025-06-20 10:42:04.138109,29470.0,4025.0,3098.0
2025-06-20 10:42:08.730217,29470.0,4025.0,3098.0
2025-06-20 10:42:09.750105,29470.0,3973.0,3124.0
2025-06-20 10:42:14.742327,29460.0,3973.0,3124.0
2025-06-20 10:42:15.238815,29460.0,3981.0,3174.0
2025-06-20 10:42:18.736046,29460.0,3981.0,3174.0
2025-06-20 10:42:21.061215,29460.0,3973.0,3176.0
2025-06-20 10:42:24.729946,29470.0,3973.0,3176.0
2025-06-20 10:42:26.761072,29465.0,3972.0,3165.0
2025-06-20 10:42:28.735002,29465.0,3972.0,3165.0
2025-06-20 10:42:30.996002,29475.0,3972.0,3165.0
2025-06-20 10:42:32.652142,29475.0,3971.0,3168.0
2025-06-20 10:42:38.461584,29475.0,3962.0,3161.0
2025-06-20 10:42:44.255638,29475.0,3972.0,3166.0
2025-06-20 10:42:45.065829,29475.0,3972.0,3166.0
2025-06-20 10:42:46.132334,29475.0,3972.0,3166.0
2025-06-20 10:42:47.483156,29475.0,3972.0,3166.0
2025-06-20 10:42:48.101887,29475.0,3972.0,3166.0
2025-06-20 10:42:49.092763,29475.0,3972.0,3166.0
2025-06-20 10:42:50.161442,29475.0,3972.0,3149.0
2025-06-20 10:42:50.543466,29475.0,3972.0,3149.0
2025-06-20 10:42:51.838806,29475.0,3972.0,3149.0
2025-06-20 10:42:52.863359,29475.0,3972.0,3149.0
2025-06-20 10:42:54.395974,29475.0,3972.0,3149.0
2025-06-20 10:42:55.639580,29475.0,3972.0,3149.0
2025-06-20 10:42:55.962351,29475.0,3971.0,3110.0
2025-06-20 10:42:56.892787,29475.0,3971.0,3110.0
2025-06-20 10:42:58.583017,29475.0,3971.0,3110.0
2025-06-20 10:43:01.284101,29480.0,3977.0,3083.0
2025-06-20 10:43:01.743275,29480.0,3977.0,3083.0
2025-06-20 10:43:06.863412,29480.0,3979.0,3133.0
2025-06-20 10:43:12.067221,29480.0,3977.0,3172.0
2025-06-20 10:43:17.712948,29480.0,3968.0,3171.0
2025-06-20 10:43:23.276540,29480.0,3978.0,3167.0
2025-06-20 10:43:28.887240,29480.0,3975.0,3134.0
2025-06-20 10:43:34.588899,29480.0,3981.0,3135.0
2025-06-20 10:43:39.735104,29470.0,3981.0,3135.0
2025-06-20 10:43:40.085657,29470.0,3981.0,3140.0
2025-06-20 10:43:45.289437,29470.0,3983.0,3144.0
2025-06-20 10:43:45.739365,29470.0,3983.0,3144.0
2025-06-20 10:43:49.768719,29465.0,3983.0,3144.0
2025-06-20 10:43:50.794370,29465.0,3967.0,3198.0
2025-06-20 10:43:53.742902,29465.0,3967.0,3198.0
2025-06-20 10:43:56.606637,29465.0,3961.0,3186.0
2025-06-20 10:44:02.106251,29465.0,3961.0,3203.0
2025-06-20 10:44:07.647076,29465.0,3957.0,3196.0
2025-06-20 10:44:09.751156,29470.0,3957.0,3196.0
2025-06-20 10:44:13.057126,29470.0,3964.0,3201.0
2025-06-20 10:44:15.759561,29450.0,3964.0,3201.0
2025-06-20 10:44:18.927447,29450.0,3923.0,3229.0
2025-06-20 10:44:24.559434,29450.0,3924.0,3234.0
2025-06-20 10:44:30.125673,29450.0,3937.0,3210.0
2025-06-20 10:44:35.626112,29450.0,3933.0,3212.0
2025-06-20 10:44:41.129323,29450.0,3960.0,3183.0
2025-06-20 10:44:46.439770,29450.0,3958.0,3217.0
2025-06-20 10:44:51.837822,29450.0,3958.0,3220.0
2025-06-20 10:44:56.947151,29450.0,3955.0,3232.0
2025-06-20 10:45:02.144505,29450.0,3965.0,3204.0
2025-06-20 10:45:07.845619,29450.0,3957.0,3189.0
2025-06-20 10:45:13.151431,29450.0,3958.0,3203.0
2025-06-20 10:45:18.771210,29450.0,3970.0,3176.0
2025-06-20 10:45:24.463800,29450.0,3971.0,3167.0
2025-06-20 10:45:29.777840,29450.0,3971.0,3174.0
2025-06-20 10:45:34.782000,29450.0,3975.0,3180.0
2025-06-20 10:45:40.177814,29450.0,3975.0,3235.0
2025-06-20 10:45:45.451048,29450.0,3975.0,3235.0
2025-06-20 10:45:45.792492,29450.0,3973.0,3206.0
2025-06-20 10:45:45.824978,29450.0,3973.0,3206.0
2025-06-20 10:45:46.172850,29450.0,3973.0,3206.0
2025-06-20 10:45:47.173422,29450.0,3973.0,3206.0
2025-06-20 10:45:48.249951,29450.0,3973.0,3206.0
2025-06-20 10:45:49.303587,29450.0,3973.0,3206.0
2025-06-20 10:45:50.689425,29450.0,3973.0,3206.0
2025-06-20 10:45:51.082506,29450.0,3965.0,3280.0
2025-06-20 10:45:52.153008,29450.0,3965.0,3280.0
2025-06-20 10:45:53.078818,29450.0,3965.0,3280.0
2025-06-20 10:45:54.638887,29450.0,3965.0,3280.0
2025-06-20 10:45:55.920533,29450.0,3965.0,3280.0
2025-06-20 10:45:56.798904,29450.0,3966.0,3273.0
2025-06-20 10:45:57.153498,29450.0,3966.0,3273.0
2025-06-20 10:45:58.827982,29450.0,3966.0,3273.0
2025-06-20 10:46:02.204022,29450.0,3968.0,3276.0
2025-06-20 10:46:07.393043,29450.0,3965.0,3214.0
2025-06-20 10:46:09.753949,29475.0,3965.0,3214.0
2025-06-20 10:46:12.895811,29475.0,4012.0,3086.0
2025-06-20 10:46:18.296494,29475.0,4018.0,3077.0
2025-06-20 10:46:19.756175,29465.0,4018.0,3077.0
2025-06-20 10:46:23.910659,29465.0,4013.0,3091.0
2025-06-20 10:46:30.107788,29465.0,4013.0,3112.0
2025-06-20 10:46:33.748228,29465.0,4013.0,3112.0
2025-06-20 10:46:35.423639,29465.0,3990.0,3134.0
2025-06-20 10:46:36.752038,29465.0,3990.0,3134.0
2025-06-20 10:46:38.781089,29455.0,3990.0,3134.0
2025-06-20 10:46:40.623324,29455.0,3969.0,3143.0
2025-06-20 10:46:45.825342,29455.0,3980.0,3134.0
2025-06-20 10:46:51.433564,29455.0,3974.0,3135.0
2025-06-20 10:46:56.725193,29455.0,3997.0,3128.0
2025-06-20 10:47:01.927383,29455.0,3998.0,3128.0
2025-06-20 10:47:07.238401,29455.0,3999.0,3115.0
2025-06-20 10:47:12.576763,29455.0,4009.0,3113.0
2025-06-20 10:47:17.947466,29455.0,4011.0,3114.0
2025-06-20 10:47:23.755586,29470.0,4011.0,3114.0
2025-06-20 10:47:23.842559,29470.0,3978.0,3167.0
2025-06-20 10:47:30.149642,29470.0,3984.0,3154.0
2025-06-20 10:47:35.652103,29470.0,3986.0,3167.0
2025-06-20 10:47:40.956663,29470.0,3987.0,3170.0
2025-06-20 10:47:46.358810,29470.0,3988.0,3158.0
2025-06-20 10:47:50.757031,29470.0,3988.0,3158.0
2025-06-20 10:47:51.777349,29470.0,3990.0,3166.0
2025-06-20 10:47:57.668161,29470.0,3981.0,3162.0
2025-06-20 10:48:03.371010,29470.0,3992.0,3164.0
2025-06-20 10:48:04.757951,29480.0,3992.0,3164.0
2025-06-20 10:48:08.971954,29480.0,3994.0,3173.0
2025-06-20 10:48:14.379457,29480.0,3995.0,3154.0
2025-06-20 10:48:18.756157,29465.0,3995.0,3154.0
2025-06-20 10:48:19.811068,29465.0,3998.0,3157.0
2025-06-20 10:48:25.282125,29465.0,4000.0,3173.0
2025-06-20 10:48:30.763522,29465.0,4000.0,3173.0
2025-06-20 10:48:30.985534,29465.0,3977.0,3174.0
2025-06-20 10:48:36.391299,29465.0,3983.0,3175.0
2025-06-20 10:48:41.891079,29465.0,3983.0,3181.0
2025-06-20 10:48:45.977175,29465.0,3983.0,3181.0
2025-06-20 10:48:46.354822,29465.0,3983.0,3181.0
2025-06-20 10:48:47.107253,29465.0,3983.0,3181.0
2025-06-20 10:48:47.496795,29465.0,3977.0,3179.0
2025-06-20 10:48:47.691380,29465.0,3977.0,3179.0
2025-06-20 10:48:48.110461,29465.0,3977.0,3179.0
2025-06-20 10:48:49.325337,29465.0,3977.0,3179.0
2025-06-20 10:48:50.317391,29465.0,3977.0,3179.0
2025-06-20 10:48:51.286352,29465.0,3977.0,3179.0
2025-06-20 10:48:52.634630,29465.0,3977.0,3179.0
2025-06-20 10:48:52.902385,29465.0,3975.0,3179.0
2025-06-20 10:48:53.623153,29465.0,3975.0,3179.0
2025-06-20 10:48:55.170875,29465.0,3975.0,3179.0
2025-06-20 10:48:56.506094,29465.0,3975.0,3179.0
2025-06-20 10:48:57.712897,29465.0,3975.0,3179.0
2025-06-20 10:48:58.309044,29465.0,4000.0,3159.0
2025-06-20 10:48:59.334807,29465.0,4000.0,3159.0
2025-06-20 10:49:03.938251,29445.0,3938.0,3238.0
2025-06-20 10:49:04.789351,29445.0,3938.0,3238.0
2025-06-20 10:49:07.761754,29455.0,3938.0,3238.0
2025-06-20 10:49:09.712595,29455.0,3943.0,3255.0
2025-06-20 10:49:10.769873,29430.0,3943.0,3255.0
2025-06-20 10:49:13.769455,29455.0,3943.0,3255.0
2025-06-20 10:49:15.332251,29455.0,3958.0,3270.0
2025-06-20 10:49:19.764354,29455.0,3958.0,3270.0
2025-06-20 10:49:20.723297,29465.0,3955.0,3247.0
2025-06-20 10:49:21.812855,29455.0,3955.0,3247.0
2025-06-20 10:49:26.266805,29455.0,3952.0,3244.0
2025-06-20 10:49:32.126359,29455.0,3953.0,3262.0
2025-06-20 10:49:37.445958,29455.0,3956.0,3230.0
2025-06-20 10:49:42.841232,29455.0,3963.0,3219.0
2025-06-20 10:49:48.242189,29455.0,3963.0,3199.0
2025-06-20 10:49:53.588207,29455.0,3962.0,3198.0
2025-06-20 10:49:58.746562,29455.0,3974.0,3194.0
2025-06-20 10:50:04.084797,29455.0,3965.0,3217.0
2025-06-20 10:50:09.363195,29455.0,3980.0,3177.0
2025-06-20 10:50:15.214991,29455.0,3980.0,3178.0
2025-06-20 10:50:17.790362,29455.0,3980.0,3178.0
2025-06-20 10:50:20.472535,29455.0,3982.0,3182.0
2025-06-20 10:50:25.871507,29455.0,3974.0,3182.0
2025-06-20 10:50:31.075993,29455.0,3972.0,3186.0
2025-06-20 10:50:36.479392,29455.0,3982.0,3185.0
2025-06-20 10:50:42.181014,29455.0,3975.0,3182.0
2025-06-20 10:50:48.024505,29455.0,3972.0,3192.0
2025-06-20 10:50:53.288253,29455.0,3973.0,3191.0
2025-06-20 10:50:58.692444,29455.0,3974.0,3191.0
2025-06-20 10:51:03.998907,29455.0,3986.0,3184.0
2025-06-20 10:51:09.604384,29455.0,3976.0,3185.0
2025-06-20 10:51:14.931960,29455.0,3976.0,3188.0
2025-06-20 10:51:20.309791,29455.0,3794.0,3232.0
2025-06-20 10:51:21.787824,29465.0,3794.0,3232.0
2025-06-20 10:51:23.820053,29465.0,3794.0,3232.0
2025-06-20 10:51:26.013470,29465.0,3970.0,3232.0
2025-06-20 10:51:27.810378,29450.0,3970.0,3232.0
2025-06-20 10:51:31.316666,29450.0,3965.0,3253.0
2025-06-20 10:51:37.018537,29450.0,3972.0,3248.0
2025-06-20 10:51:42.442541,29450.0,3974.0,3247.0
2025-06-20 10:51:46.481889,29450.0,3974.0,3247.0
2025-06-20 10:51:47.184738,29450.0,3974.0,3247.0
2025-06-20 10:51:48.134396,29450.0,3971.0,3244.0
2025-06-20 10:51:48.209777,29450.0,3971.0,3244.0
2025-06-20 10:51:49.284322,29450.0,3971.0,3244.0
2025-06-20 10:51:50.330888,29450.0,3971.0,3244.0
2025-06-20 10:51:51.817174,29450.0,3971.0,3244.0
2025-06-20 10:51:53.314462,29450.0,3971.0,3244.0
2025-06-20 10:51:53.943965,29450.0,3971.0,3227.0
2025-06-20 10:51:54.076915,29450.0,3971.0,3227.0
2025-06-20 10:51:55.623355,29450.0,3971.0,3227.0
2025-06-20 10:51:56.855555,29450.0,3971.0,3227.0
2025-06-20 10:51:58.115791,29450.0,3971.0,3227.0
2025-06-20 10:51:59.768967,29450.0,3971.0,3227.0
2025-06-20 10:51:59.784008,29450.0,3972.0,3234.0
2025-06-20 10:52:05.450692,29450.0,3973.0,3230.0
2025-06-20 10:52:11.144436,29450.0,3974.0,3239.0
2025-06-20 10:52:16.743570,29450.0,3974.0,3248.0
2025-06-20 10:52:22.348048,29450.0,3976.0,3223.0
2025-06-20 10:52:27.649157,29450.0,3977.0,3219.0
2025-06-20 10:52:32.953760,29450.0,3968.0,3217.0
2025-06-20 10:52:35.840417,29460.0,3968.0,3217.0
2025-06-20 10:52:38.570614,29460.0,4002.0,3163.0
2025-06-20 10:52:44.108754,29460.0,3987.0,3179.0
2025-06-20 10:52:49.375202,29460.0,3980.0,3182.0
2025-06-20 10:52:54.895324,29460.0,3972.0,3182.0
2025-06-20 10:52:55.807307,29460.0,3972.0,3182.0
2025-06-20 10:53:00.178464,29460.0,3971.0,3182.0
2025-06-20 10:53:05.981710,29460.0,3971.0,3198.0
2025-06-20 10:53:12.094320,29460.0,3982.0,3193.0
2025-06-20 10:53:17.885226,29460.0,3985.0,3179.0
2025-06-20 10:53:23.497683,29460.0,3983.0,3180.0
2025-06-20 10:53:28.890984,29460.0,3984.0,3160.0
2025-06-20 10:53:31.785522,29460.0,3984.0,3160.0
2025-06-20 10:53:33.795841,29455.0,3984.0,3160.0
2025-06-20 10:53:34.400553,29455.0,3981.0,3148.0
2025-06-20 10:53:40.003378,29455.0,3976.0,3186.0
2025-06-20 10:53:41.798215,29455.0,3976.0,3186.0
2025-06-20 10:53:45.413111,29455.0,3962.0,3187.0
2025-06-20 10:53:50.841200,29455.0,3964.0,3202.0
2025-06-20 10:53:56.423670,29455.0,3963.0,3202.0
2025-06-20 10:54:02.122250,29455.0,3964.0,3201.0
2025-06-20 10:54:07.719999,29455.0,3962.0,3188.0
2025-06-20 10:54:13.121869,29455.0,3966.0,3225.0
2025-06-20 10:54:18.444874,29455.0,3963.0,3206.0
2025-06-20 10:54:23.728487,29455.0,3962.0,3227.0
2025-06-20 10:54:29.035072,29455.0,3963.0,3223.0
2025-06-20 10:54:34.449186,29455.0,3966.0,3212.0
2025-06-20 10:54:35.793150,29460.0,3966.0,3212.0
2025-06-20 10:54:39.841021,29460.0,3966.0,3210.0
2025-06-20 10:54:45.254348,29460.0,3956.0,3221.0
2025-06-20 10:54:47.376663,29460.0,3956.0,3221.0
2025-06-20 10:54:48.239006,29460.0,3956.0,3221.0
2025-06-20 10:54:49.281166,29460.0,3956.0,3221.0
2025-06-20 10:54:49.801118,29460.0,3956.0,3221.0
2025-06-20 10:54:49.951590,29460.0,3956.0,3221.0
2025-06-20 10:54:50.619176,29460.0,3956.0,3221.0
2025-06-20 10:54:50.846169,29460.0,3966.0,3209.0
2025-06-20 10:54:51.169616,29460.0,3966.0,3209.0
2025-06-20 10:54:52.529882,29460.0,3966.0,3209.0
2025-06-20 10:54:53.886039,29460.0,3966.0,3209.0
2025-06-20 10:54:54.863708,29460.0,3966.0,3209.0
2025-06-20 10:54:56.150488,29460.0,3967.0,3223.0
2025-06-20 10:54:56.441082,29460.0,3967.0,3223.0
2025-06-20 10:54:57.691081,29460.0,3967.0,3223.0
2025-06-20 10:54:57.795675,29460.0,3967.0,3223.0
2025-06-20 10:54:58.993474,29460.0,3967.0,3223.0
2025-06-20 10:55:00.651111,29460.0,3967.0,3223.0
2025-06-20 10:55:01.382396,29460.0,3968.0,3219.0
2025-06-20 10:55:07.089342,29460.0,3969.0,3216.0
2025-06-20 10:55:07.803079,29460.0,3969.0,3216.0
2025-06-20 10:55:12.590576,29460.0,3968.0,3213.0
2025-06-20 10:55:18.470321,29460.0,3967.0,3200.0
2025-06-20 10:55:23.872997,29460.0,3967.0,3211.0
2025-06-20 10:55:29.677387,29460.0,3967.0,3209.0
2025-06-20 10:55:35.386846,29460.0,3969.0,3208.0
2025-06-20 10:55:35.793893,29450.0,3969.0,3208.0
2025-06-20 10:55:40.785696,29450.0,3973.0,3210.0
2025-06-20 10:55:45.886039,29450.0,3971.0,3199.0
2025-06-20 10:55:51.189269,29450.0,3971.0,3199.0
2025-06-20 10:55:56.191914,29450.0,3959.0,3213.0
2025-06-20 10:56:01.111090,29450.0,3967.0,3197.0
2025-06-20 10:56:06.302835,29450.0,3968.0,3200.0
2025-06-20 10:56:11.541048,29450.0,3964.0,3213.0
2025-06-20 10:56:16.616999,29450.0,3966.0,3216.0
2025-06-20 11:07:08.602018,29510.0,4173.0,3191.0
2025-06-20 12:03:29.528635,29300.0,3745.0,3809.0
2025-06-20 12:03:32.109128,29300.0,3739.0,3812.0
2025-06-20 12:03:35.124962,29300.0,3739.0,3812.0
2025-06-20 12:03:36.778609,29300.0,3749.0,3799.0
2025-06-20 12:03:39.076400,29300.0,3749.0,3799.0
2025-06-20 12:03:41.681118,29300.0,3752.0,3792.0
2025-06-20 12:03:43.113044,29300.0,3752.0,3792.0
2025-06-20 12:03:46.578931,29300.0,3750.0,3793.0
2025-06-20 12:03:49.096529,29300.0,3750.0,3793.0
2025-06-20 12:03:51.279599,29300.0,3753.0,3790.0
2025-06-20 12:03:55.088911,29295.0,3753.0,3790.0
2025-06-20 12:03:56.587782,29300.0,3665.0,3830.0
2025-06-20 12:03:57.073940,29300.0,3665.0,3830.0
2025-06-20 12:03:58.393276,29300.0,3665.0,3830.0
2025-06-20 12:03:59.034805,29300.0,3665.0,3830.0
2025-06-20 12:03:59.081346,29290.0,3665.0,3830.0
2025-06-20 12:03:59.395078,29290.0,3665.0,3830.0
2025-06-20 12:04:00.311776,29290.0,3665.0,3830.0
2025-06-20 12:04:01.139839,29290.0,3665.0,3830.0
2025-06-20 12:04:01.791003,29290.0,3677.0,3825.0
2025-06-20 12:04:01.821594,29290.0,3677.0,3825.0
2025-06-20 12:04:02.310795,29290.0,3677.0,3825.0
2025-06-20 12:04:03.100564,29300.0,3677.0,3825.0
2025-06-20 12:04:03.348083,29300.0,3677.0,3825.0
2025-06-20 12:04:04.340932,29300.0,3677.0,3825.0
2025-06-20 12:04:05.668978,29300.0,3677.0,3825.0
2025-06-20 12:04:06.726147,29300.0,3677.0,3825.0
2025-06-20 12:04:07.098510,29300.0,3682.0,3820.0
2025-06-20 12:04:08.308655,29300.0,3682.0,3820.0
2025-06-20 12:04:09.629082,29300.0,3682.0,3820.0
2025-06-20 12:04:10.966713,29300.0,3682.0,3820.0
2025-06-20 12:04:11.077337,29300.0,3682.0,3820.0
2025-06-20 12:04:12.735196,29300.0,3699.0,3821.0
2025-06-20 12:04:12.745279,29300.0,3699.0,3821.0
2025-06-20 12:04:17.077261,29300.0,3699.0,3821.0
2025-06-20 12:04:17.398243,29300.0,3689.0,3811.0
2025-06-20 12:04:22.601646,29300.0,3692.0,3823.0
2025-06-20 12:04:25.085264,29300.0,3692.0,3823.0
2025-06-20 12:04:28.110340,29300.0,3696.0,3824.0
2025-06-20 12:04:31.087549,29300.0,3696.0,3824.0
2025-06-20 12:04:33.810536,29300.0,3695.0,3789.0
2025-06-20 12:04:37.086743,29290.0,3695.0,3789.0
2025-06-20 12:04:39.085172,29300.0,3695.0,3789.0
2025-06-20 12:04:39.612814,29300.0,3684.0,3785.0
2025-06-20 12:04:45.076512,29300.0,3684.0,3785.0
2025-06-20 12:04:45.114547,29300.0,3695.0,3792.0
2025-06-20 12:04:50.117593,29300.0,3691.0,3790.0
2025-06-20 12:04:53.082709,29300.0,3691.0,3790.0
2025-06-20 12:04:55.318300,29300.0,3692.0,3788.0
2025-06-20 12:04:59.079781,29300.0,3692.0,3788.0
2025-06-20 12:05:00.221239,29300.0,3687.0,3786.0
2025-06-20 12:05:05.037133,29300.0,3684.0,3782.0
2025-06-20 12:05:05.086140,29300.0,3684.0,3782.0
2025-06-20 12:05:07.120729,29300.0,3684.0,3782.0
2025-06-20 12:05:09.083052,29300.0,3684.0,3782.0
2025-06-20 12:05:09.829074,29300.0,3682.0,3800.0
2025-06-20 12:05:13.081240,29300.0,3682.0,3800.0
2025-06-20 12:05:14.731977,29300.0,3682.0,3799.0
2025-06-20 12:05:19.538714,29300.0,3687.0,3797.0
2025-06-20 12:05:21.087333,29300.0,3687.0,3797.0
2025-06-20 12:05:24.637354,29300.0,3687.0,3795.0
2025-06-20 12:05:27.084504,29300.0,3687.0,3795.0
2025-06-20 12:05:29.544145,29300.0,3690.0,3799.0
2025-06-20 12:05:34.543943,29300.0,3692.0,3794.0
2025-06-20 12:05:35.084665,29300.0,3692.0,3794.0
2025-06-20 12:05:40.244148,29300.0,3689.0,3780.0
2025-06-20 12:05:41.087723,29300.0,3689.0,3780.0
2025-06-20 12:05:45.549273,29300.0,3689.0,3781.0
2025-06-20 12:05:49.116682,29300.0,3689.0,3781.0
2025-06-20 12:05:50.550684,29300.0,3689.0,3777.0
2025-06-20 12:05:53.089977,29300.0,3689.0,3777.0
2025-06-20 12:05:55.090365,29300.0,3689.0,3777.0
2025-06-20 12:05:55.556647,29300.0,3687.0,3769.0
2025-06-20 12:05:59.084490,29290.0,3687.0,3769.0
2025-06-20 12:06:00.550468,29290.0,3687.0,3786.0
2025-06-20 12:06:03.087955,29300.0,3687.0,3786.0
2025-06-20 12:06:05.454919,29300.0,3689.0,3781.0
2025-06-20 12:06:09.087599,29300.0,3689.0,3781.0
2025-06-20 12:06:10.670298,29300.0,3688.0,3768.0
2025-06-20 12:06:15.093153,29300.0,3688.0,3768.0
2025-06-20 12:06:16.070391,29300.0,3687.0,3783.0
2025-06-20 12:06:17.097284,29300.0,3687.0,3783.0
2025-06-20 12:06:19.085086,29300.0,3687.0,3783.0
2025-06-20 12:06:21.098226,29300.0,3687.0,3783.0
2025-06-20 12:06:21.271427,29300.0,3689.0,3755.0
2025-06-20 12:06:23.097198,29300.0,3689.0,3755.0
2025-06-20 12:06:26.279483,29300.0,3691.0,3778.0
2025-06-20 12:06:27.114561,29300.0,3691.0,3778.0
2025-06-20 12:06:31.028882,29300.0,3663.0,3774.0
2025-06-20 12:06:31.094078,29300.0,3663.0,3774.0
2025-06-20 12:06:35.509553,29300.0,3663.0,3773.0
2025-06-20 12:06:37.099638,29300.0,3663.0,3773.0
2025-06-20 12:06:40.286416,29300.0,3662.0,3765.0
2025-06-20 12:06:44.891384,29300.0,3664.0,3749.0
2025-06-20 12:06:45.109046,29300.0,3664.0,3749.0
2025-06-20 12:06:49.695445,29300.0,3663.0,3748.0
2025-06-20 12:06:51.101280,29300.0,3663.0,3748.0
2025-06-20 12:06:54.543326,29300.0,3672.0,3723.0
2025-06-20 12:06:58.872374,29300.0,3672.0,3723.0
2025-06-20 12:06:59.090753,29300.0,3672.0,3723.0
2025-06-20 12:06:59.274018,29300.0,3672.0,3723.0
2025-06-20 12:06:59.608784,29300.0,3676.0,3726.0
2025-06-20 12:06:59.855871,29300.0,3676.0,3726.0
2025-06-20 12:07:00.340575,29300.0,3676.0,3726.0
2025-06-20 12:07:01.065893,29300.0,3676.0,3726.0
2025-06-20 12:07:01.097192,29295.0,3676.0,3726.0
2025-06-20 12:07:01.543843,29295.0,3676.0,3726.0
2025-06-20 12:07:02.184942,29295.0,3676.0,3726.0
2025-06-20 12:07:03.251655,29295.0,3676.0,3726.0
2025-06-20 12:07:04.646977,29295.0,3676.0,3726.0
2025-06-20 12:07:05.038126,29300.0,3666.0,3747.0
2025-06-20 12:07:05.091105,29300.0,3666.0,3747.0
2025-06-20 12:07:06.241916,29300.0,3666.0,3747.0
2025-06-20 12:07:07.003101,29300.0,3666.0,3747.0
2025-06-20 12:07:08.555427,29300.0,3666.0,3747.0
2025-06-20 12:07:09.102478,29290.0,3666.0,3747.0
2025-06-20 12:07:09.853277,29290.0,3666.0,3747.0
2025-06-20 12:07:10.328090,29290.0,3659.0,3754.0
2025-06-20 12:07:11.143948,29290.0,3659.0,3754.0
2025-06-20 12:07:12.776451,29290.0,3659.0,3754.0
2025-06-20 12:07:13.104189,29300.0,3659.0,3754.0
2025-06-20 12:07:15.322961,29300.0,3655.0,3753.0
2025-06-20 12:07:19.097467,29300.0,3655.0,3753.0
2025-06-20 12:07:20.228656,29300.0,3659.0,3753.0
2025-06-20 12:07:24.942291,29300.0,3661.0,3748.0
2025-06-20 12:07:27.109696,29300.0,3661.0,3748.0
2025-06-20 12:07:29.832246,29300.0,3655.0,3746.0
2025-06-20 12:07:31.096765,29295.0,3655.0,3746.0
2025-06-20 12:07:33.091107,29300.0,3655.0,3746.0
2025-06-20 12:07:35.066848,29300.0,3656.0,3746.0
2025-06-20 12:07:37.099507,29295.0,3656.0,3746.0
2025-06-20 12:07:39.097189,29290.0,3656.0,3746.0
2025-06-20 12:07:40.548044,29300.0,3623.0,3752.0
2025-06-20 12:07:41.097189,29300.0,3623.0,3752.0
2025-06-20 12:07:45.842321,29300.0,3653.0,3759.0
2025-06-20 12:07:47.090652,29300.0,3653.0,3759.0
2025-06-20 12:07:51.243166,29300.0,3651.0,3748.0
2025-06-20 12:07:55.138396,29300.0,3651.0,3748.0
2025-06-20 12:07:56.549763,29300.0,3653.0,3757.0
2025-06-20 12:07:59.113194,29300.0,3653.0,3757.0
2025-06-20 12:08:01.095669,29300.0,3653.0,3757.0
2025-06-20 12:08:01.753234,29300.0,3653.0,3738.0
2025-06-20 12:08:06.958588,29300.0,3661.0,3738.0
2025-06-20 12:08:09.346418,29300.0,3661.0,3738.0
2025-06-20 12:08:11.959475,29300.0,3664.0,3753.0
2025-06-20 12:08:15.105715,29300.0,3664.0,3753.0
2025-06-20 12:08:16.966015,29300.0,3638.0,3754.0
2025-06-20 12:08:21.967364,29300.0,3641.0,3753.0
2025-06-20 12:08:23.099593,29300.0,3641.0,3753.0
2025-06-20 12:08:26.967355,29300.0,3648.0,3752.0
2025-06-20 12:08:29.098018,29300.0,3648.0,3752.0
2025-06-20 12:08:31.776425,29300.0,3645.0,3751.0
2025-06-20 12:08:36.573997,29300.0,3646.0,3751.0
2025-06-20 12:08:37.098881,29300.0,3646.0,3751.0
2025-06-20 12:08:39.093160,29300.0,3646.0,3751.0
2025-06-20 12:08:41.377526,29300.0,3635.0,3764.0
2025-06-20 12:08:43.119352,29300.0,3635.0,3764.0
2025-06-20 12:08:46.083255,29300.0,3629.0,3766.0
2025-06-20 12:08:51.094794,29300.0,3629.0,3766.0
2025-06-20 12:08:51.288337,29300.0,3632.0,3764.0
2025-06-20 12:08:56.538453,29300.0,3640.0,3762.0
2025-06-20 12:08:57.128903,29300.0,3640.0,3762.0
2025-06-20 12:09:01.206750,29300.0,3640.0,3763.0
2025-06-20 12:09:05.115750,29300.0,3640.0,3763.0
2025-06-20 12:09:06.110109,29300.0,3639.0,3774.0
2025-06-20 12:09:11.100421,29300.0,3639.0,3774.0
2025-06-20 12:09:11.536989,29300.0,3631.0,3786.0
2025-06-20 12:09:16.401761,29300.0,3633.0,3786.0
2025-06-20 12:09:19.108648,29300.0,3633.0,3786.0
2025-06-20 12:09:21.304220,29300.0,3643.0,3775.0
2025-06-20 12:09:25.105613,29300.0,3643.0,3775.0
2025-06-20 12:09:26.206343,29300.0,3642.0,3774.0
2025-06-20 12:09:27.110187,29300.0,3642.0,3774.0
2025-06-20 12:09:31.134084,29300.0,3637.0,3770.0
2025-06-20 12:09:33.113863,29300.0,3637.0,3770.0
2025-06-20 12:09:36.054078,29300.0,3628.0,3775.0
2025-06-20 12:09:39.119018,29300.0,3628.0,3775.0
2025-06-20 12:09:40.823153,29300.0,3629.0,3774.0
2025-06-20 12:09:45.620388,29300.0,3638.0,3860.0
2025-06-20 12:09:47.113802,29300.0,3638.0,3860.0
2025-06-20 12:09:50.535642,29300.0,3646.0,3864.0
2025-06-20 12:09:53.108630,29295.0,3646.0,3864.0
2025-06-20 12:09:55.736179,29295.0,3648.0,3863.0
2025-06-20 12:09:59.295346,29295.0,3648.0,3863.0
2025-06-20 12:10:00.055852,29295.0,3648.0,3863.0
2025-06-20 12:10:00.632620,29295.0,3651.0,3856.0
2025-06-20 12:10:00.889565,29295.0,3651.0,3856.0
2025-06-20 12:10:01.121586,29295.0,3651.0,3856.0
2025-06-20 12:10:01.230754,29295.0,3651.0,3856.0
2025-06-20 12:10:02.397446,29295.0,3651.0,3856.0
2025-06-20 12:10:03.458645,29295.0,3651.0,3856.0
2025-06-20 12:10:04.864574,29295.0,3651.0,3856.0
2025-06-20 12:10:05.637177,29295.0,3647.0,3846.0
2025-06-20 12:10:06.237568,29295.0,3647.0,3846.0
2025-06-20 12:10:07.105827,29295.0,3647.0,3846.0
2025-06-20 12:10:07.237750,29295.0,3647.0,3846.0
2025-06-20 12:10:08.831825,29295.0,3647.0,3846.0
2025-06-20 12:10:09.110830,29295.0,3647.0,3846.0
2025-06-20 12:10:10.155379,29295.0,3647.0,3846.0
2025-06-20 12:10:11.101671,29295.0,3647.0,3846.0
2025-06-20 12:10:11.146310,29295.0,3646.0,3853.0
2025-06-20 12:10:11.418022,29295.0,3646.0,3853.0
2025-06-20 12:10:13.068975,29295.0,3646.0,3853.0
2025-06-20 12:10:15.106955,29295.0,3646.0,3853.0
2025-06-20 12:10:16.641580,29295.0,3647.0,3840.0
2025-06-20 12:10:21.109079,29295.0,3647.0,3840.0
2025-06-20 12:10:21.747872,29295.0,3649.0,3840.0
2025-06-20 12:10:26.853642,29295.0,3651.0,3839.0
2025-06-20 12:10:29.133214,29295.0,3651.0,3839.0
2025-06-20 12:10:31.955808,29295.0,3647.0,3839.0
2025-06-20 12:10:35.112188,29295.0,3647.0,3839.0
2025-06-20 12:10:36.957863,29295.0,3652.0,3848.0
2025-06-20 12:10:41.759095,29295.0,3651.0,3849.0
2025-06-20 12:10:43.109036,29295.0,3651.0,3849.0
2025-06-20 12:10:46.570911,29295.0,3648.0,3860.0
2025-06-20 12:10:49.122627,29295.0,3648.0,3860.0
2025-06-20 12:10:51.267499,29295.0,3647.0,3857.0
2025-06-20 12:10:55.671771,29295.0,3647.0,3850.0
2025-06-20 12:10:57.112266,29295.0,3647.0,3850.0
2025-06-20 12:10:59.975586,29295.0,3645.0,3850.0
2025-06-20 12:11:03.119438,29295.0,3645.0,3850.0
2025-06-20 12:11:04.481159,29295.0,3648.0,3836.0
2025-06-20 12:11:09.278319,29295.0,3650.0,3835.0
2025-06-20 12:11:11.121316,29295.0,3650.0,3835.0
2025-06-20 12:11:14.285018,29295.0,3644.0,3850.0
2025-06-20 12:11:17.117565,29295.0,3644.0,3850.0
2025-06-20 12:11:19.386756,29295.0,3645.0,3848.0
2025-06-20 12:11:24.284503,29295.0,3656.0,3832.0
2025-06-20 12:11:25.112859,29295.0,3656.0,3832.0
2025-06-20 12:11:27.112909,29300.0,3656.0,3832.0
2025-06-20 12:11:29.088886,29300.0,3650.0,3826.0
2025-06-20 12:11:31.114530,29300.0,3650.0,3826.0
2025-06-20 12:11:33.804939,29300.0,3654.0,3821.0
2025-06-20 12:11:39.096955,29300.0,3657.0,3813.0
2025-06-20 12:11:39.115347,29300.0,3657.0,3813.0
2025-06-20 12:11:44.011216,29300.0,3655.0,3812.0
2025-06-20 12:11:45.122054,29300.0,3655.0,3812.0
2025-06-20 12:11:48.906422,29300.0,3654.0,3824.0
2025-06-20 12:11:53.157190,29300.0,3654.0,3824.0
2025-06-20 12:11:53.909512,29300.0,3655.0,3836.0
2025-06-20 12:11:58.705277,29300.0,3655.0,3847.0
2025-06-20 12:11:59.114983,29300.0,3655.0,3847.0
2025-06-20 12:12:01.115299,29290.0,3655.0,3847.0
2025-06-20 12:12:03.117794,29285.0,3655.0,3847.0
2025-06-20 12:12:03.418281,29285.0,3572.0,3918.0
2025-06-20 12:12:05.119738,29285.0,3572.0,3918.0
2025-06-20 12:12:07.116919,29290.0,3572.0,3918.0
2025-06-20 12:12:08.540533,29290.0,3618.0,3906.0
2025-06-20 12:12:13.425714,29290.0,3618.0,3881.0
2025-06-20 12:12:18.319350,29300.0,3624.0,3871.0
2025-06-20 12:12:19.127145,29300.0,3624.0,3871.0
2025-06-20 12:12:21.122023,29300.0,3624.0,3871.0
2025-06-20 12:12:22.936517,29300.0,3622.0,3870.0
2025-06-20 12:12:23.121084,29280.0,3622.0,3870.0
2025-06-20 12:12:27.156402,29300.0,3622.0,3870.0
2025-06-20 12:12:27.826597,29300.0,3617.0,3879.0
2025-06-20 12:12:32.627174,29300.0,3617.0,3884.0
2025-06-20 12:12:35.119957,29300.0,3617.0,3884.0
2025-06-20 12:12:37.727097,29300.0,3613.0,3887.0
2025-06-20 12:12:41.123227,29300.0,3613.0,3887.0
2025-06-20 12:12:42.540598,29300.0,3613.0,3884.0
2025-06-20 12:12:47.433108,29300.0,3609.0,3881.0
2025-06-20 12:12:49.119396,29300.0,3609.0,3881.0
2025-06-20 12:12:52.238250,29300.0,3612.0,3878.0
2025-06-20 12:12:55.123124,29300.0,3612.0,3878.0
2025-06-20 12:12:57.055349,29300.0,3611.0,3881.0
2025-06-20 12:12:59.829389,29300.0,3611.0,3881.0
2025-06-20 12:13:00.228522,29300.0,3611.0,3881.0
2025-06-20 12:13:01.353765,29300.0,3611.0,3881.0
2025-06-20 12:13:01.746387,29300.0,3609.0,3875.0
2025-06-20 12:13:02.097139,29300.0,3609.0,3875.0
2025-06-20 12:13:03.126931,29280.0,3609.0,3875.0
2025-06-20 12:13:03.192401,29280.0,3609.0,3875.0
2025-06-20 12:13:04.275697,29280.0,3609.0,3875.0
2025-06-20 12:13:05.704662,29280.0,3609.0,3875.0
2025-06-20 12:13:06.653233,29280.0,3614.0,3864.0
2025-06-20 12:13:07.097381,29280.0,3614.0,3864.0
2025-06-20 12:13:08.106270,29280.0,3614.0,3864.0
2025-06-20 12:13:09.120696,29295.0,3614.0,3864.0
2025-06-20 12:13:09.666322,29295.0,3614.0,3864.0
2025-06-20 12:13:10.963213,29295.0,3614.0,3864.0
2025-06-20 12:13:11.752344,29295.0,3605.0,3872.0
2025-06-20 12:13:12.244628,29295.0,3605.0,3872.0
2025-06-20 12:13:13.903054,29295.0,3605.0,3872.0
2025-06-20 12:13:16.952681,29300.0,3608.0,3889.0
2025-06-20 12:13:17.126694,29300.0,3608.0,3889.0
2025-06-20 12:13:21.958150,29300.0,3601.0,3891.0
2025-06-20 12:13:23.167022,29300.0,3601.0,3891.0
2025-06-20 12:13:27.259857,29300.0,3599.0,3881.0
2025-06-20 12:13:31.120986,29300.0,3599.0,3881.0
2025-06-20 12:13:32.366169,29300.0,3602.0,3892.0
2025-06-20 12:13:37.129304,29300.0,3602.0,3892.0
2025-06-20 12:13:37.368081,29300.0,3615.0,3885.0
2025-06-20 12:13:42.173740,29300.0,3609.0,3883.0
2025-06-20 12:13:45.126533,29300.0,3609.0,3883.0
2025-06-20 12:13:47.380006,29300.0,3605.0,3883.0
2025-06-20 12:13:51.132660,29300.0,3605.0,3883.0
2025-06-20 12:13:52.279089,29300.0,3606.0,3891.0
2025-06-20 12:13:57.180316,29300.0,3612.0,3890.0
2025-06-20 12:13:59.130274,29300.0,3612.0,3890.0
2025-06-20 12:14:02.384187,29300.0,3608.0,3884.0
2025-06-20 12:14:05.125863,29300.0,3608.0,3884.0
2025-06-20 12:14:07.388393,29300.0,3615.0,3884.0
2025-06-20 12:14:12.190653,29300.0,3617.0,3883.0
2025-06-20 12:14:13.125718,29300.0,3617.0,3883.0
2025-06-20 12:14:15.134960,29300.0,3617.0,3883.0
2025-06-20 12:14:16.998424,29300.0,3619.0,3881.0
2025-06-20 12:14:19.123275,29300.0,3619.0,3881.0
2025-06-20 12:14:21.702171,29300.0,3621.0,3883.0
2025-06-20 12:14:26.508696,29300.0,3620.0,3888.0
2025-06-20 12:14:27.152642,29300.0,3620.0,3888.0
2025-06-20 12:14:31.057481,29300.0,3620.0,3888.0
2025-06-20 12:14:33.131500,29300.0,3620.0,3888.0
2025-06-20 12:14:35.609884,29300.0,3620.0,3872.0
2025-06-20 12:14:40.522806,29300.0,3619.0,3896.0
2025-06-20 12:14:41.127827,29300.0,3619.0,3896.0
2025-06-20 12:14:45.117709,29300.0,3616.0,3898.0
2025-06-20 12:14:47.134495,29300.0,3616.0,3898.0
2025-06-20 12:14:50.318749,29300.0,3619.0,3890.0
2025-06-20 12:14:55.128213,29300.0,3619.0,3890.0
2025-06-20 12:14:55.138302,29300.0,3619.0,3891.0
2025-06-20 12:14:59.625730,29300.0,3619.0,3891.0
2025-06-20 12:15:01.130200,29300.0,3619.0,3891.0
2025-06-20 12:15:04.141808,29300.0,3617.0,3879.0
2025-06-20 12:15:08.944715,29300.0,3614.0,3890.0
2025-06-20 12:15:09.131941,29300.0,3614.0,3890.0
2025-06-20 12:15:13.448838,29300.0,3614.0,3888.0
2025-06-20 12:15:15.132006,29300.0,3614.0,3888.0
2025-06-20 12:15:18.147251,29300.0,3613.0,3888.0
2025-06-20 12:15:23.130512,29300.0,3613.0,3888.0
2025-06-20 12:15:23.556783,29300.0,3615.0,3896.0
2025-06-20 12:15:28.448356,29300.0,3622.0,3884.0
2025-06-20 12:15:29.147046,29300.0,3622.0,3884.0
2025-06-20 12:15:33.246048,29300.0,3615.0,3878.0
2025-06-20 12:15:37.283421,29300.0,3615.0,3878.0
2025-06-20 12:15:38.081285,29300.0,3624.0,3867.0
2025-06-20 12:15:41.133529,29300.0,3624.0,3867.0
2025-06-20 12:15:42.654435,29300.0,3623.0,3890.0
2025-06-20 12:15:43.138687,29300.0,3623.0,3890.0
2025-06-20 12:15:47.568549,29300.0,3626.0,3890.0
2025-06-20 12:15:51.135904,29300.0,3626.0,3890.0
2025-06-20 12:15:52.461972,29300.0,3626.0,3894.0
2025-06-20 12:15:55.142733,29300.0,3626.0,3894.0
2025-06-20 12:15:57.142453,29300.0,3626.0,3894.0
2025-06-20 12:15:57.264655,29300.0,3627.0,3889.0
2025-06-20 12:16:00.362208,29300.0,3627.0,3889.0
2025-06-20 12:16:01.189255,29300.0,3627.0,3889.0
2025-06-20 12:16:01.987114,29300.0,3624.0,3890.0
2025-06-20 12:16:01.987767,29300.0,3624.0,3890.0
2025-06-20 12:16:02.326880,29300.0,3624.0,3890.0
2025-06-20 12:16:03.462479,29300.0,3624.0,3890.0
2025-06-20 12:16:04.572448,29300.0,3624.0,3890.0
2025-06-20 12:16:05.170178,29300.0,3624.0,3890.0
2025-06-20 12:16:05.992728,29300.0,3624.0,3890.0
2025-06-20 12:16:06.765842,29300.0,3624.0,3890.0
2025-06-20 12:16:07.366112,29300.0,3624.0,3890.0
2025-06-20 12:16:08.375792,29300.0,3624.0,3890.0
2025-06-20 12:16:09.996106,29300.0,3624.0,3890.0
2025-06-20 12:16:11.140038,29300.0,3624.0,3890.0
2025-06-20 12:16:11.295876,29300.0,3624.0,3890.0
2025-06-20 12:16:11.371135,29300.0,3623.0,3886.0
2025-06-20 12:16:12.596674,29300.0,3623.0,3886.0
2025-06-20 12:16:14.231851,29300.0,3623.0,3886.0
2025-06-20 12:16:16.184395,29300.0,3615.0,3891.0
2025-06-20 12:16:20.132570,29300.0,3615.0,3891.0
2025-06-20 12:16:21.478114,29300.0,3620.0,3880.0
2025-06-20 12:16:26.131126,29300.0,3620.0,3880.0
2025-06-20 12:16:26.585198,29300.0,3616.0,3887.0
2025-06-20 12:16:31.188944,29300.0,3623.0,3867.0
2025-06-20 12:16:32.139916,29300.0,3623.0,3867.0
2025-06-20 12:16:36.293282,29300.0,3618.0,3891.0
2025-06-20 12:16:40.136383,29300.0,3618.0,3891.0
2025-06-20 12:16:41.491161,29300.0,3619.0,3880.0
2025-06-20 12:16:46.132698,29300.0,3619.0,3880.0
2025-06-20 12:16:46.295157,29300.0,3618.0,3894.0
2025-06-20 12:16:51.097237,29300.0,3620.0,3889.0
2025-06-20 12:16:54.131653,29300.0,3620.0,3889.0
2025-06-20 12:16:56.503761,29300.0,3610.0,3884.0
2025-06-20 12:17:00.136957,29300.0,3610.0,3884.0
2025-06-20 12:17:02.006787,29300.0,3609.0,3878.0
2025-06-20 12:17:07.135022,29300.0,3609.0,3878.0
2025-06-20 12:17:07.414409,29300.0,3612.0,3880.0
2025-06-20 12:17:13.121532,29300.0,3609.0,3868.0
2025-06-20 12:17:14.135713,29300.0,3609.0,3868.0
2025-06-20 12:17:18.215348,29300.0,3614.0,3868.0
2025-06-20 12:17:22.138835,29300.0,3614.0,3868.0
2025-06-20 12:17:23.217640,29300.0,3635.0,3899.0
2025-06-20 12:17:28.136881,29300.0,3635.0,3899.0
2025-06-20 12:17:28.578859,29300.0,3636.0,3899.0
2025-06-20 12:17:34.132098,29300.0,3637.0,3899.0
2025-06-20 12:17:36.140831,29300.0,3637.0,3899.0
2025-06-20 12:17:39.635540,29300.0,3634.0,3900.0
2025-06-20 12:17:42.142080,29300.0,3634.0,3900.0
2025-06-20 12:17:45.236644,29300.0,3636.0,3905.0
2025-06-20 12:17:50.188696,29300.0,3636.0,3905.0
2025-06-20 12:17:50.640492,29275.0,3447.0,3954.0
2025-06-20 12:17:52.138500,29275.0,3447.0,3954.0
2025-06-20 12:17:56.080278,29285.0,3549.0,3960.0
2025-06-20 12:17:56.146942,29285.0,3549.0,3960.0
2025-06-20 12:18:01.142454,29285.0,3564.0,3961.0
2025-06-20 12:18:04.151078,29285.0,3564.0,3961.0
2025-06-20 12:18:06.245611,29285.0,3595.0,3961.0
2025-06-20 12:18:08.300236,29290.0,3595.0,3961.0
2025-06-20 12:18:10.163055,29290.0,3595.0,3961.0
2025-06-20 12:18:11.462389,29290.0,3602.0,3953.0
2025-06-20 12:18:12.136876,29290.0,3602.0,3953.0
2025-06-20 12:18:16.358724,29290.0,3626.0,3959.0
2025-06-20 12:18:18.144729,29290.0,3626.0,3959.0
2025-06-20 12:18:21.657661,29290.0,3625.0,3962.0
2025-06-20 12:18:22.138119,29290.0,3625.0,3962.0
2025-06-20 12:18:24.142835,29290.0,3625.0,3962.0
2025-06-20 12:18:26.764073,29290.0,3625.0,3958.0
2025-06-20 12:18:31.475477,29290.0,3625.0,3958.0
2025-06-20 12:18:32.143861,29290.0,3625.0,3958.0
2025-06-20 12:18:36.080519,29290.0,3616.0,3959.0
2025-06-20 12:18:36.141337,29290.0,3616.0,3959.0
2025-06-20 12:18:38.140679,29290.0,3616.0,3959.0
2025-06-20 12:18:40.867476,29290.0,3616.0,3955.0
2025-06-20 12:18:45.769305,29290.0,3616.0,3942.0
2025-06-20 12:18:46.146809,29290.0,3616.0,3942.0
2025-06-20 12:18:50.873783,29290.0,3616.0,3942.0
2025-06-20 12:18:52.147291,29290.0,3616.0,3942.0
2025-06-20 12:18:56.177626,29290.0,3612.0,3955.0
2025-06-20 12:19:00.153927,29290.0,3612.0,3955.0
2025-06-20 12:19:00.993742,29290.0,3612.0,3955.0
2025-06-20 12:19:01.180187,29290.0,3613.0,3950.0
2025-06-20 12:19:01.283236,29290.0,3613.0,3950.0
2025-06-20 12:19:02.137770,29290.0,3613.0,3950.0
2025-06-20 12:19:03.393018,29290.0,3613.0,3950.0
2025-06-20 12:19:04.170321,29290.0,3613.0,3950.0
2025-06-20 12:19:05.192856,29290.0,3613.0,3950.0
2025-06-20 12:19:06.169886,29290.0,3613.0,3950.0
2025-06-20 12:19:06.486942,29275.0,3604.0,3957.0
2025-06-20 12:19:06.627066,29275.0,3604.0,3957.0
2025-06-20 12:19:07.948975,29275.0,3604.0,3957.0
2025-06-20 12:19:08.153571,29275.0,3604.0,3957.0
2025-06-20 12:19:08.944066,29275.0,3604.0,3957.0
2025-06-20 12:19:10.189935,29290.0,3604.0,3957.0
2025-06-20 12:19:10.515569,29290.0,3604.0,3957.0
2025-06-20 12:19:11.790801,29290.0,3612.0,3949.0
2025-06-20 12:19:11.804003,29290.0,3612.0,3949.0
2025-06-20 12:19:13.122930,29290.0,3612.0,3949.0
2025-06-20 12:19:14.172207,29290.0,3612.0,3949.0
2025-06-20 12:19:14.709801,29290.0,3612.0,3949.0
2025-06-20 12:19:16.898560,29290.0,3615.0,3943.0
2025-06-20 12:19:20.160489,29290.0,3615.0,3943.0
2025-06-20 12:19:21.697462,29290.0,3614.0,3949.0
2025-06-20 12:19:26.698824,29290.0,3628.0,3959.0
2025-06-20 12:19:28.150328,29275.0,3628.0,3959.0
2025-06-20 12:19:31.903330,29275.0,3615.0,3979.0
2025-06-20 12:19:34.147640,29270.0,3615.0,3979.0
2025-06-20 12:19:37.104760,29270.0,3614.0,3974.0
2025-06-20 12:19:42.010248,29285.0,3615.0,3973.0
2025-06-20 12:19:42.150314,29285.0,3615.0,3973.0
2025-06-20 12:19:47.118371,29285.0,3616.0,3969.0
2025-06-20 12:19:48.166649,29285.0,3616.0,3969.0
2025-06-20 12:19:52.418536,29285.0,3617.0,3972.0
2025-06-20 12:19:56.144776,29285.0,3617.0,3972.0
2025-06-20 12:19:57.517179,29285.0,3618.0,3961.0
2025-06-20 12:20:02.144616,29285.0,3618.0,3961.0
2025-06-20 12:20:02.719793,29285.0,3626.0,3955.0
2025-06-20 12:20:08.067629,29285.0,3633.0,3949.0
2025-06-20 12:20:10.150073,29285.0,3633.0,3949.0
2025-06-20 12:20:12.934491,29285.0,3638.0,3945.0
2025-06-20 12:20:16.151679,29285.0,3638.0,3945.0
2025-06-20 12:20:17.829276,29285.0,3636.0,3952.0
2025-06-20 12:20:22.839220,29285.0,3644.0,3960.0
2025-06-20 12:20:24.152223,29285.0,3644.0,3960.0
2025-06-20 12:20:27.533232,29285.0,3641.0,3959.0
2025-06-20 12:20:30.197062,29285.0,3641.0,3959.0
2025-06-20 12:20:32.131742,29285.0,3642.0,3955.0
2025-06-20 12:20:36.836532,29285.0,3642.0,3972.0
2025-06-20 12:20:38.152272,29285.0,3642.0,3972.0
2025-06-20 12:20:41.912209,29285.0,3637.0,3969.0
2025-06-20 12:20:42.211253,29285.0,3637.0,3969.0
2025-06-20 12:20:44.225066,29285.0,3637.0,3969.0
2025-06-20 12:20:46.801049,29285.0,3640.0,3978.0
2025-06-20 12:20:51.757493,29285.0,3640.0,3967.0
2025-06-20 12:20:52.148149,29285.0,3640.0,3967.0
2025-06-20 12:20:56.651698,29285.0,3638.0,3968.0
2025-06-20 12:20:58.151088,29285.0,3638.0,3968.0
2025-06-20 12:21:01.308515,29285.0,3628.0,3974.0
2025-06-20 12:21:05.972422,29285.0,3630.0,3978.0
2025-06-20 12:21:06.157585,29285.0,3630.0,3978.0
2025-06-20 12:21:11.136935,29285.0,3630.0,3978.0
2025-06-20 12:21:12.176538,29285.0,3630.0,3978.0
2025-06-20 12:21:16.027951,29285.0,3630.0,3978.0
2025-06-20 12:21:20.179434,29285.0,3630.0,3978.0
2025-06-20 12:21:21.189639,29285.0,3628.0,3975.0
2025-06-20 12:21:26.103320,29285.0,3630.0,3980.0
2025-06-20 12:21:26.163104,29285.0,3630.0,3980.0
2025-06-20 12:21:31.092674,29285.0,3631.0,3973.0
2025-06-20 12:21:34.156400,29285.0,3631.0,3973.0
2025-06-20 12:21:35.901534,29285.0,3633.0,3969.0
2025-06-20 12:21:40.160026,29280.0,3633.0,3969.0
2025-06-20 12:21:40.786695,29280.0,3529.0,3981.0
2025-06-20 12:21:45.241694,29280.0,3529.0,3981.0
2025-06-20 12:21:46.196211,29280.0,3536.0,3970.0
2025-06-20 12:21:48.220247,29280.0,3536.0,3970.0
2025-06-20 12:24:32.349496,29250.0,3669.0,4050.0
2025-06-20 12:24:33.174323,29255.0,3669.0,4050.0
2025-06-20 12:24:34.888150,29255.0,3670.0,4047.0
2025-06-20 12:24:35.176643,29255.0,3670.0,4047.0
2025-06-20 12:24:40.304357,29255.0,3673.0,4038.0
2025-06-20 12:24:43.205068,29255.0,3673.0,4038.0
2025-06-20 12:24:45.323864,29255.0,3677.0,4039.0
