Timestamp,LTP,BidQty,AskQty
2025-06-09 09:50:48.786287,57200.2,595,210
2025-06-09 09:50:51.442459,57200.2,315,175
2025-06-09 09:50:51.443384,57200.2,315,175
2025-06-09 09:50:51.474653,57200.2,315,175
2025-06-09 09:50:51.474960,57200.2,315,175
2025-06-09 09:50:51.915497,57200.2,315,175
2025-06-09 09:50:51.916324,57200.2,315,175
2025-06-09 09:54:58.703629,56921.05,-10,0
2025-06-09 09:54:59.079863,56920.1,-10,0
2025-06-09 09:54:59.611569,56920.55,-10,0
2025-06-09 09:55:00.419609,56918.6,-10,0
2025-06-09 09:55:09.697263,56915.7,-10,0
2025-06-09 09:55:10.520715,56917.45,-10,0
2025-06-09 09:55:10.574492,56922.6,-10,0
2025-06-09 09:55:11.066727,56916.25,-10,0
2025-06-09 09:55:11.576114,56918.15,-10,0
2025-06-09 09:55:14.083478,56917.6,-10,0
2025-06-09 09:55:14.572633,56923.85,-10,0
2025-06-09 09:55:15.063030,56916.25,-10,0
2025-06-09 09:55:15.792497,56926.1,-10,0
2025-06-09 09:55:16.273597,56921.75,-10,0
2025-06-09 09:55:16.574327,56917.55,-10,0
2025-06-09 09:55:17.068441,56918.6,-10,0
2025-06-09 09:55:19.058780,56918.95,-10,0
2025-06-09 09:55:19.059156,56919.35,-10,0
2025-06-09 09:55:19.059364,56918.35,-10,0
2025-06-09 09:55:19.103199,56919.85,-10,0
2025-06-09 09:55:19.577597,56922.5,-10,0
2025-06-09 09:55:20.110509,56921.15,-10,0
2025-06-09 09:55:21.561679,56918.7,-10,0
2025-06-09 09:55:21.563160,56918.35,-10,0
2025-06-09 09:55:24.058156,56921.75,-10,0
2025-06-09 09:55:24.058599,56925.6,-10,0
2025-06-09 09:55:24.058895,56926.7,-10,0
2025-06-09 09:55:24.059136,56926.3,-10,0
2025-06-09 09:55:24.059376,56927.0,-10,0
2025-06-09 09:55:24.068507,56928.75,-10,0
2025-06-09 09:55:25.335659,56925.55,-10,0
2025-06-09 09:55:29.708082,56927.75,-10,0
2025-06-09 09:55:29.708669,56923.35,-10,0
2025-06-09 09:55:29.709097,56922.5,-10,0
2025-06-09 09:55:29.709466,56922.2,-10,0
2025-06-09 09:55:29.709828,56921.05,-10,0
2025-06-09 09:55:29.710173,56922.3,-10,0
2025-06-09 09:55:29.710494,56928.25,-10,0
2025-06-09 09:55:29.710776,56921.3,-10,0
2025-06-09 09:55:29.710960,56917.15,-10,0
2025-06-09 09:55:29.711249,56923.0,-10,0
2025-06-09 09:55:30.076247,56920.15,-10,0
2025-06-09 09:55:31.001230,56924.5,-10,0
2025-06-09 09:55:31.064386,56923.75,-10,0
2025-06-09 09:55:31.573662,56923.6,-10,0
2025-06-09 09:55:32.220341,56918.45,-10,0
2025-06-09 09:55:32.575966,56922.25,-10,0
2025-06-09 09:55:33.075061,56921.2,-10,0
2025-06-09 09:55:33.961964,56915.9,-10,0
2025-06-09 09:55:34.071560,56921.75,-10,0
2025-06-09 09:55:34.808345,56916.8,-10,0
2025-06-09 09:55:35.074003,56920.55,-10,0
2025-06-09 09:55:35.905838,56919.15,-10,0
2025-06-09 09:55:36.067237,56918.7,-10,0
2025-06-09 09:55:36.575146,56916.95,-10,0
2025-06-09 09:55:37.646847,56921.15,-10,0
2025-06-09 09:55:37.779827,56920.0,-10,0
2025-06-09 09:55:39.689021,56917.4,-10,0
2025-06-09 09:55:39.689161,56920.7,-10,0
2025-06-09 09:55:39.689226,56918.65,-10,0
2025-06-09 09:55:39.689282,56918.15,-10,0
2025-06-09 09:55:40.072600,56913.9,-10,0
2025-06-09 09:55:40.615371,56919.45,-10,0
2025-06-09 09:55:41.077062,56916.5,-10,0
2025-06-09 09:55:41.572935,56917.6,-10,0
2025-06-09 09:55:43.311312,56918.45,-10,0
2025-06-09 09:55:43.311549,56917.4,-10,0
2025-06-09 09:55:43.311733,56917.25,-10,0
2025-06-09 09:55:43.574562,56918.5,-10,0
2025-06-09 09:55:44.073595,56920.9,-10,0
2025-06-09 09:55:44.576816,56921.05,-10,0
2025-06-09 09:55:45.062242,56921.35,-10,0
2025-06-09 09:55:45.578508,56919.25,-10,0
2025-06-09 09:55:46.348424,56920.75,-10,0
2025-06-09 09:55:46.759325,56909.9,-10,0
2025-06-09 09:55:48.809113,56916.35,-10,0
2025-06-09 09:55:48.809571,56921.6,-10,0
2025-06-09 09:55:48.810012,56919.95,-10,0
2025-06-09 09:55:48.810277,56919.0,-10,0
2025-06-09 09:55:49.070192,56918.75,-10,0
2025-06-09 09:55:49.575499,56919.2,-10,0
2025-06-09 09:55:50.072421,56917.85,-10,0
2025-06-09 09:55:51.572381,56920.35,-10,0
2025-06-09 09:55:51.573130,56921.15,-10,0
2025-06-09 09:55:51.576285,56923.3,-10,0
2025-06-09 09:55:52.802060,56923.4,-10,0
2025-06-09 09:55:52.802496,56921.1,-10,0
2025-06-09 09:55:53.069304,56923.9,-10,0
2025-06-09 09:55:55.616247,56922.95,-10,0
2025-06-09 09:55:55.616890,56922.75,-10,0
2025-06-09 09:55:55.617321,56921.05,-10,0
2025-06-09 09:55:55.618207,56921.3,-10,0
2025-06-09 09:55:55.618789,56921.75,-10,0
2025-06-09 09:55:56.077141,56921.9,-10,0
2025-06-09 09:55:58.521336,56922.55,-10,0
2025-06-09 09:55:58.521557,56922.65,-10,0
2025-06-09 09:55:58.521617,56920.9,-10,0
2025-06-09 09:55:58.521671,56920.3,-10,0
2025-06-09 09:55:58.573819,56921.7,-10,0
2025-06-09 09:55:59.695477,56917.85,-10,0
2025-06-09 09:55:59.696339,56919.15,-10,0
2025-06-09 09:56:00.081326,56920.2,-10,0
2025-06-09 09:56:00.579670,56918.2,-10,0
2025-06-09 09:56:01.078426,56919.8,-10,0
2025-06-09 09:56:01.780174,56917.3,-10,0
2025-06-09 09:56:05.545476,56916.9,-10,0
2025-06-09 09:56:05.545723,56918.0,-10,0
2025-06-09 09:56:05.545825,56920.45,-10,0
2025-06-09 09:56:05.545921,56918.5,-10,0
2025-06-09 09:56:05.546005,56918.95,-10,0
2025-06-09 09:56:05.546084,56920.65,-10,0
2025-06-09 09:56:05.546162,56918.95,-10,0
2025-06-09 09:56:05.574558,56918.4,-10,0
2025-06-09 09:56:09.695269,56916.2,-10,0
2025-06-09 09:56:09.695856,56917.9,-10,0
2025-06-09 09:56:09.696255,56918.55,-10,0
2025-06-09 09:56:09.696625,56917.4,-10,0
2025-06-09 09:56:09.696970,56916.15,-10,0
2025-06-09 09:56:09.697353,56916.4,-10,0
2025-06-09 09:56:09.697861,56916.75,-10,0
2025-06-09 09:56:09.737221,56917.5,-10,0
2025-06-09 09:56:10.074317,56917.45,-10,0
2025-06-09 09:56:11.585454,56910.85,-10,0
2025-06-09 09:56:11.585931,56909.8,-10,0
2025-06-09 09:56:11.586276,56911.55,-10,0
2025-06-09 09:56:16.503981,56910.25,-10,0
2025-06-09 09:56:16.505744,56908.75,-10,0
2025-06-09 09:56:16.506327,56907.2,-10,0
2025-06-09 09:56:16.506965,56907.5,-10,0
2025-06-09 09:56:16.507376,56909.3,-10,0
2025-06-09 09:56:16.507733,56908.1,-10,0
2025-06-09 09:56:16.507966,56909.85,-10,0
2025-06-09 09:56:16.508153,56912.2,-10,0
2025-06-09 09:56:16.508485,56911.0,-10,0
2025-06-09 09:56:16.574528,56909.85,-10,0
2025-06-09 09:56:17.072932,56907.85,-10,0
2025-06-09 09:56:17.574267,56908.3,-10,0
2025-06-09 09:56:18.273705,56908.65,-10,0
2025-06-09 09:56:18.569663,56912.3,-10,0
2025-06-09 09:56:19.076158,56911.75,-10,0
2025-06-09 09:56:19.732349,56912.7,-10,0
2025-06-09 09:56:20.479012,56908.75,-10,0
2025-06-09 09:56:20.576244,56913.5,-10,0
2025-06-09 09:56:21.565124,56908.85,-10,0
2025-06-09 09:56:21.577077,56910.3,-10,0
2025-06-09 09:56:26.703383,56908.65,-10,0
2025-06-09 09:56:26.703544,56910.65,-10,0
2025-06-09 09:56:26.703617,56909.75,-10,0
2025-06-09 09:56:26.703683,56909.95,-10,0
2025-06-09 09:56:26.703746,56909.5,-10,0
2025-06-09 09:56:26.703809,56909.15,-10,0
2025-06-09 09:56:26.703869,56908.35,-10,0
2025-06-09 09:56:26.703935,56909.65,-10,0
2025-06-09 09:56:26.703992,56910.1,-10,0
2025-06-09 09:56:26.704098,56909.65,-10,0
2025-06-09 09:56:29.707264,56911.6,-10,0
2025-06-09 09:56:29.707913,56915.25,-10,0
2025-06-09 09:56:29.708309,56916.45,-10,0
2025-06-09 09:56:29.708620,56914.75,-10,0
2025-06-09 09:56:29.708939,56915.3,-10,0
2025-06-09 09:56:29.709212,56916.6,-10,0
2025-06-09 09:56:30.077639,56914.25,-10,0
2025-06-09 09:56:30.992854,56916.0,-10,0
2025-06-09 09:56:31.078000,56918.3,-10,0
2025-06-09 09:56:31.579897,56918.4,-10,0
2025-06-09 09:56:32.077167,56918.55,-10,0
2025-06-09 09:56:32.579616,56919.3,-10,0
2025-06-09 09:56:33.070365,56919.1,-10,0
2025-06-09 09:56:33.577308,56922.05,-10,0
2025-06-09 09:56:34.154996,56921.1,-10,0
2025-06-09 09:56:36.049554,56919.3,-10,0
2025-06-09 09:56:36.049927,56919.05,-10,0
2025-06-09 09:56:36.050155,56921.85,-10,0
2025-06-09 09:56:36.076237,56920.9,-10,0
2025-06-09 09:56:36.693316,56923.3,-10,0
2025-06-09 09:56:39.709785,56921.9,-10,0
2025-06-09 09:56:39.711277,56922.25,-10,0
2025-06-09 09:56:39.711748,56917.95,-10,0
2025-06-09 09:56:39.712090,56918.55,-10,0
2025-06-09 09:56:39.712426,56917.2,-10,0
2025-06-09 09:56:39.744371,56918.7,-10,0
2025-06-09 09:56:40.078653,56922.0,-10,0
2025-06-09 09:56:40.744639,56918.75,-10,0
2025-06-09 09:56:41.595365,56916.45,-10,0
2025-06-09 09:56:41.787476,56921.65,-10,0
2025-06-09 09:56:43.795808,56915.0,-10,0
2025-06-09 09:56:43.796358,56915.2,-10,0
2025-06-09 09:56:43.796713,56916.3,-10,0
2025-06-09 09:56:43.797034,56916.65,-10,0
2025-06-09 09:56:45.978096,56916.95,-10,0
2025-06-09 09:56:45.978641,56913.95,-10,0
2025-06-09 09:56:45.978841,56918.35,-10,0
2025-06-09 09:56:45.979038,56917.0,-10,0
2025-06-09 09:56:46.073935,56917.35,-10,0
2025-06-09 09:56:48.817639,56916.3,-10,0
2025-06-09 09:56:48.818198,56918.7,-10,0
2025-06-09 09:56:48.818586,56920.75,-10,0
2025-06-09 09:56:48.819091,56919.15,-10,0
2025-06-09 09:56:48.819481,56919.6,-10,0
2025-06-09 09:56:49.716863,56920.65,-10,0
2025-06-09 09:56:49.717634,56921.7,-10,0
2025-06-09 09:56:50.073595,56921.2,-10,0
2025-06-09 09:56:51.601123,56920.65,-10,0
2025-06-09 09:56:51.601711,56920.3,-10,0
2025-06-09 09:56:51.602050,56921.15,-10,0
2025-06-09 09:56:53.145995,56921.3,-10,0
2025-06-09 09:56:53.146258,56919.5,-10,0
2025-06-09 09:56:53.146432,56922.55,-10,0
2025-06-09 09:56:55.615517,56922.1,-10,0
2025-06-09 09:56:55.617396,56923.3,-10,0
2025-06-09 09:56:55.617877,56924.25,-10,0
2025-06-09 09:56:55.618332,56921.3,-10,0
2025-06-09 09:56:55.618654,56922.15,-10,0
2025-06-09 09:56:56.077599,56922.1,-10,0
2025-06-09 09:56:58.203058,56922.8,-10,0
2025-06-09 09:56:58.203634,56926.0,-10,0
2025-06-09 09:56:58.204003,56928.45,-10,0
2025-06-09 09:56:58.204336,56923.25,-10,0
2025-06-09 09:56:59.159374,56923.7,-10,0
2025-06-09 09:56:59.159921,56922.25,-10,0
2025-06-09 09:56:59.588108,56921.9,-10,0
2025-06-09 09:57:00.506299,56922.3,-10,0
2025-06-09 09:57:00.577802,56923.45,-10,0
2025-06-09 09:57:01.234683,56920.4,-10,0
2025-06-09 09:57:01.582523,56922.5,-10,0
2025-06-09 09:57:02.946450,56921.5,-10,0
2025-06-09 09:57:02.946820,56922.75,-10,0
2025-06-09 09:57:03.069861,56919.5,-10,0
2025-06-09 09:57:04.617969,56918.75,-10,0
2025-06-09 09:57:04.618735,56921.3,-10,0
2025-06-09 09:57:04.788937,56921.7,-10,0
2025-06-09 09:57:06.945204,56921.25,-10,0
2025-06-09 09:57:06.945872,56919.0,-10,0
2025-06-09 09:57:06.946116,56919.9,-10,0
2025-06-09 09:57:06.946305,56921.9,-10,0
2025-06-09 09:57:07.075446,56923.05,-10,0
2025-06-09 09:57:07.579713,56922.05,-10,0
2025-06-09 09:57:09.721437,56920.8,-10,0
2025-06-09 09:57:09.723330,56922.4,-10,0
2025-06-09 09:57:09.724031,56923.3,-10,0
2025-06-09 09:57:09.750040,56918.15,-10,0
2025-06-09 09:57:10.076393,56916.9,-10,0
2025-06-09 09:57:11.609880,56919.45,-10,0
2025-06-09 09:57:11.610557,56915.35,-10,0
2025-06-09 09:57:11.781683,56917.55,-10,0
2025-06-09 09:57:19.728928,56920.75,-10,0
2025-06-09 09:57:19.729869,56919.95,-10,0
2025-06-09 09:57:19.730449,56919.6,-10,0
2025-06-09 09:57:19.730992,56922.55,-10,0
2025-06-09 09:57:19.731360,56919.6,-10,0
2025-06-09 09:57:19.731678,56925.05,-10,0
2025-06-09 09:57:19.732016,56922.0,-10,0
2025-06-09 09:57:19.732321,56928.15,-10,0
2025-06-09 09:57:19.732566,56921.2,-10,0
2025-06-09 09:57:19.732754,56917.75,-10,0
2025-06-09 09:57:19.732941,56926.6,-10,0
2025-06-09 09:57:19.733246,56918.6,-10,0
2025-06-09 09:57:19.761410,56923.55,-10,0
2025-06-09 09:57:19.761614,56919.95,-10,0
2025-06-09 09:57:19.761702,56925.15,-10,0
2025-06-09 09:57:19.761826,56923.25,-10,0
2025-06-09 09:57:20.078663,56919.0,-10,0
2025-06-09 09:57:21.568787,56922.05,-10,0
2025-06-09 09:57:21.569351,56922.65,-10,0
2025-06-09 09:57:21.581906,56927.9,-10,0
2025-06-09 09:57:26.369620,56923.75,-10,0
2025-06-09 09:57:26.370354,56923.9,-10,0
2025-06-09 09:57:26.370789,56921.6,-10,0
2025-06-09 09:57:26.371205,56923.6,-10,0
2025-06-09 09:57:26.371505,56926.55,-10,0
2025-06-09 09:57:26.371985,56925.0,-10,0
2025-06-09 09:57:26.372352,56924.1,-10,0
2025-06-09 09:57:26.372667,56923.4,-10,0
2025-06-09 09:57:26.373011,56924.7,-10,0
2025-06-09 09:57:26.792331,56925.0,-10,0
2025-06-09 09:57:29.734789,56926.9,-10,0
2025-06-09 09:57:29.735463,56927.45,-10,0
2025-06-09 09:57:29.735836,56923.85,-10,0
2025-06-09 09:57:29.736172,56926.2,-10,0
2025-06-09 09:57:29.736568,56926.7,-10,0
2025-06-09 09:57:29.736865,56923.7,-10,0
2025-06-09 09:57:30.077925,56926.15,-10,0
2025-06-09 09:57:30.998738,56928.15,-10,0
2025-06-09 09:57:31.070819,56928.7,-10,0
2025-06-09 09:57:31.784797,56927.85,-10,0
2025-06-09 09:57:32.072539,56922.35,-10,0
2025-06-09 09:57:39.735272,56926.35,-10,0
2025-06-09 09:57:39.737145,56926.65,-10,0
2025-06-09 09:57:39.737585,56923.15,-10,0
2025-06-09 09:57:39.737912,56927.25,-10,0
2025-06-09 09:57:39.738205,56924.75,-10,0
2025-06-09 09:57:39.738495,56923.95,-10,0
2025-06-09 09:57:39.738766,56925.85,-10,0
2025-06-09 09:57:39.739015,56927.5,-10,0
2025-06-09 09:57:39.739269,56922.9,-10,0
2025-06-09 09:57:39.739543,56923.45,-10,0
2025-06-09 09:57:39.739808,56928.3,-10,0
2025-06-09 09:57:39.740063,56925.7,-10,0
2025-06-09 09:57:39.740248,56924.0,-10,0
2025-06-09 09:57:39.740895,56927.3,-10,0
2025-06-09 09:57:39.792882,56926.1,-10,0
2025-06-09 09:57:40.728567,56925.7,-10,0
2025-06-09 09:57:40.729193,56924.8,-10,0
2025-06-09 09:57:41.074475,56919.4,-10,0
2025-06-09 09:57:41.623833,56922.55,-10,0
2025-06-09 09:57:44.128342,56920.45,-10,0
2025-06-09 09:57:44.129480,56919.15,-10,0
2025-06-09 09:57:44.129901,56918.15,-10,0
2025-06-09 09:57:44.130128,56919.3,-10,0
2025-06-09 09:57:44.130357,56922.1,-10,0
2025-06-09 09:57:44.774667,56920.45,-10,0
2025-06-09 09:57:49.185653,56918.7,-10,0
2025-06-09 09:57:49.186260,56919.55,-10,0
2025-06-09 09:57:49.186635,56923.1,-10,0
2025-06-09 09:57:49.186953,56921.55,-10,0
2025-06-09 09:57:49.187265,56921.65,-10,0
2025-06-09 09:57:49.187555,56923.6,-10,0
2025-06-09 09:57:49.187740,56922.35,-10,0
2025-06-09 09:57:49.187903,56924.4,-10,0
2025-06-09 09:57:49.188149,56923.6,-10,0
2025-06-09 09:57:49.588733,56921.05,-10,0
2025-06-09 09:57:50.075398,56919.25,-10,0
2025-06-09 09:57:51.628575,56917.3,-10,0
2025-06-09 09:57:51.629156,56917.1,-10,0
2025-06-09 09:57:51.629566,56917.2,-10,0
2025-06-09 09:57:52.918980,56915.5,-10,0
2025-06-09 09:57:52.919532,56914.55,-10,0
2025-06-09 09:57:53.072626,56911.55,-10,0
2025-06-09 09:57:55.610674,56917.05,-10,0
2025-06-09 09:57:55.611027,56916.55,-10,0
2025-06-09 09:57:55.611297,56914.0,-10,0
2025-06-09 09:57:55.611622,56909.7,-10,0
2025-06-09 09:57:55.611922,56907.6,-10,0
2025-06-09 09:57:59.743870,56901.05,-10,0
2025-06-09 09:57:59.745004,56902.15,-10,0
2025-06-09 09:57:59.745365,56908.55,-10,0
2025-06-09 09:57:59.745571,56905.8,-10,0
2025-06-09 09:57:59.745735,56907.75,-10,0
2025-06-09 09:57:59.745884,56911.95,-10,0
2025-06-09 09:57:59.746018,56913.35,-10,0
2025-06-09 09:57:59.746268,56912.8,-10,0
2025-06-09 09:58:00.089918,56912.95,-10,0
2025-06-09 09:58:00.712974,56909.15,-10,0
2025-06-09 09:58:01.074194,56907.1,-10,0
2025-06-09 09:58:01.637752,56905.75,-10,0
2025-06-09 09:58:02.347245,56903.1,-10,0
2025-06-09 09:58:03.795146,56905.05,-10,0
2025-06-09 09:58:03.795605,56905.65,-10,0
2025-06-09 09:58:03.795888,56907.3,-10,0
2025-06-09 09:58:04.086663,56906.4,-10,0
2025-06-09 09:58:06.372194,56904.75,-10,0
2025-06-09 09:58:06.372731,56906.8,-10,0
2025-06-09 09:58:06.373065,56907.95,-10,0
2025-06-09 09:58:06.373360,56910.5,-10,0
2025-06-09 09:58:06.577872,56913.0,-10,0
2025-06-09 09:58:09.402578,56909.45,-10,0
2025-06-09 09:58:09.403252,56910.1,-10,0
2025-06-09 09:58:09.403625,56907.85,-10,0
2025-06-09 09:58:09.403933,56906.5,-10,0
2025-06-09 09:58:09.404254,56907.6,-10,0
2025-06-09 09:58:09.582463,56911.15,-10,0
2025-06-09 09:58:10.081050,56908.8,-10,0
2025-06-09 09:58:11.637619,56908.05,-10,0
2025-06-09 09:58:11.637777,56910.95,-10,0
2025-06-09 09:58:11.637864,56910.0,-10,0
2025-06-09 09:58:16.519783,56909.75,-10,0
2025-06-09 09:58:16.520244,56908.25,-10,0
2025-06-09 09:58:16.520474,56909.1,-10,0
2025-06-09 09:58:16.520678,56909.3,-10,0
2025-06-09 09:58:16.520873,56911.25,-10,0
2025-06-09 09:58:16.521053,56910.25,-10,0
2025-06-09 09:58:16.521228,56912.1,-10,0
2025-06-09 09:58:16.521408,56913.3,-10,0
2025-06-09 09:58:16.521678,56915.45,-10,0
2025-06-09 09:58:16.586353,56910.1,-10,0
2025-06-09 09:58:19.757308,56906.3,-10,0
2025-06-09 09:58:19.757917,56908.45,-10,0
2025-06-09 09:58:19.758328,56908.45,-10,0
2025-06-09 09:58:19.758678,56910.0,-10,0
2025-06-09 09:58:19.758998,56906.95,-10,0
2025-06-09 09:58:19.782522,56907.25,-10,0
2025-06-09 09:58:20.081472,56905.85,-10,0
2025-06-09 09:58:21.568027,56903.65,-10,0
2025-06-09 09:58:21.569134,56895.9,-10,0
2025-06-09 09:58:21.595277,56894.4,-10,0
2025-06-09 09:58:25.785935,56893.45,-10,0
2025-06-09 09:58:25.790093,56892.9,-10,0
2025-06-09 09:58:25.790203,56893.5,-10,0
2025-06-09 09:58:25.790281,56894.85,-10,0
2025-06-09 09:58:25.790352,56890.1,-10,0
2025-06-09 09:58:25.790420,56892.2,-10,0
2025-06-09 09:58:25.790484,56890.75,-10,0
2025-06-09 09:58:25.790549,56892.35,-10,0
2025-06-09 09:58:29.760966,56887.75,-10,0
2025-06-09 09:58:29.761695,56892.85,-10,0
2025-06-09 09:58:29.762210,56892.15,-10,0
2025-06-09 09:58:29.762638,56891.1,-10,0
2025-06-09 09:58:29.763070,56891.3,-10,0
2025-06-09 09:58:29.763401,56889.4,-10,0
2025-06-09 09:58:29.763702,56889.35,-10,0
2025-06-09 09:58:29.764125,56888.3,-10,0
2025-06-09 09:58:30.082709,56889.45,-10,0
2025-06-09 09:58:30.842708,56892.8,-10,0
2025-06-09 09:58:31.647220,56892.85,-10,0
2025-06-09 09:58:31.647830,56896.85,-10,0
2025-06-09 09:58:39.763020,56895.0,-10,0
2025-06-09 09:58:39.763405,56898.4,-10,0
2025-06-09 09:58:39.763555,56895.0,-10,0
2025-06-09 09:58:39.763688,56897.7,-10,0
2025-06-09 09:58:39.763821,56899.4,-10,0
2025-06-09 09:58:39.763953,56898.25,-10,0
2025-06-09 09:58:39.764197,56898.8,-10,0
2025-06-09 09:58:39.764410,56900.25,-10,0
2025-06-09 09:58:39.764597,56899.55,-10,0
2025-06-09 09:58:39.764760,56899.0,-10,0
2025-06-09 09:58:39.764911,56899.15,-10,0
2025-06-09 09:58:39.765071,56900.0,-10,0
2025-06-09 09:58:39.765330,56899.6,-10,0
2025-06-09 09:58:39.826504,56899.85,-10,0
2025-06-09 09:58:39.826844,56900.25,-10,0
2025-06-09 09:58:39.827000,56900.65,-10,0
2025-06-09 09:58:40.437075,56901.95,-10,0
2025-06-09 09:58:40.789130,56901.4,-10,0
2025-06-09 09:58:41.076539,56901.8,-10,0
2025-06-09 09:58:41.649392,56905.45,-10,0
2025-06-09 09:58:42.089239,56903.1,-10,0
2025-06-09 09:58:49.767721,56901.7,-10,0
2025-06-09 09:58:49.768258,56901.9,-10,0
2025-06-09 09:58:49.768578,56903.2,-10,0
2025-06-09 09:58:49.768890,56901.6,-10,0
2025-06-09 09:58:49.769329,56901.5,-10,0
2025-06-09 09:58:49.769686,56900.95,-10,0
2025-06-09 09:58:49.769981,56901.2,-10,0
2025-06-09 09:58:49.770312,56901.3,-10,0
2025-06-09 09:58:49.770535,56900.95,-10,0
2025-06-09 09:58:49.770713,56901.55,-10,0
2025-06-09 09:58:49.770904,56904.15,-10,0
2025-06-09 09:58:49.771075,56904.3,-10,0
2025-06-09 09:58:49.771247,56911.85,-10,0
2025-06-09 09:58:49.771509,56912.45,-10,0
2025-06-09 09:58:49.829916,56909.6,-10,0
2025-06-09 09:58:50.081594,56909.15,-10,0
2025-06-09 09:58:50.621317,56911.65,-10,0
2025-06-09 09:58:51.092717,56912.8,-10,0
2025-06-09 09:58:51.654992,56911.9,-10,0
2025-06-09 09:58:52.105829,56908.35,-10,0
2025-06-09 09:58:55.614674,56912.0,-10,0
2025-06-09 09:58:55.614941,56914.4,-10,0
2025-06-09 09:58:55.615049,56909.55,-10,0
2025-06-09 09:58:55.615145,56906.45,-10,0
2025-06-09 09:58:55.615236,56907.3,-10,0
2025-06-09 09:58:55.615315,56911.85,-10,0
2025-06-09 09:58:55.615477,56907.45,-10,0
2025-06-09 09:58:59.771079,56907.5,-10,0
2025-06-09 09:58:59.771387,56907.25,-10,0
2025-06-09 09:58:59.771532,56910.0,-10,0
2025-06-09 09:58:59.771642,56911.35,-10,0
2025-06-09 09:58:59.771756,56906.9,-10,0
2025-06-09 09:58:59.771861,56908.5,-10,0
2025-06-09 09:58:59.771964,56911.0,-10,0
2025-06-09 09:58:59.772223,56911.45,-10,0
2025-06-09 09:59:00.078749,56907.4,-10,0
2025-06-09 09:59:01.658219,56906.75,-10,0
2025-06-09 09:59:01.658670,56910.3,-10,0
2025-06-09 09:59:01.658891,56907.7,-10,0
2025-06-09 09:59:02.081122,56909.9,-10,0
2025-06-09 09:59:02.588178,56913.95,-10,0
2025-06-09 09:59:03.093552,56916.25,-10,0
2025-06-09 09:59:09.775181,56912.9,-10,0
2025-06-09 09:59:09.776554,56911.95,-10,0
2025-06-09 09:59:09.776669,56912.45,-10,0
2025-06-09 09:59:09.776759,56910.45,-10,0
2025-06-09 09:59:09.776842,56913.3,-10,0
2025-06-09 09:59:09.776922,56912.3,-10,0
2025-06-09 09:59:09.776997,56914.3,-10,0
2025-06-09 09:59:09.777070,56912.8,-10,0
2025-06-09 09:59:09.777142,56915.75,-10,0
2025-06-09 09:59:09.777217,56915.45,-10,0
2025-06-09 09:59:09.777294,56916.05,-10,0
2025-06-09 09:59:09.777443,56913.0,-10,0
2025-06-09 09:59:09.842566,56911.35,-10,0
2025-06-09 09:59:10.083292,56918.85,-10,0
2025-06-09 09:59:11.661662,56917.85,-10,0
2025-06-09 09:59:11.661833,56912.15,-10,0
2025-06-09 09:59:11.661921,56913.55,-10,0
2025-06-09 09:59:12.087673,56914.15,-10,0
2025-06-09 09:59:13.339263,56912.9,-10,0
2025-06-09 09:59:13.339693,56915.1,-10,0
2025-06-09 09:59:13.606867,56918.95,-10,0
2025-06-09 09:59:14.131075,56916.2,-10,0
2025-06-09 09:59:14.820702,56912.35,-10,0
2025-06-09 09:59:15.080783,56912.65,-10,0
2025-06-09 09:59:15.593984,56920.7,-10,0
2025-06-09 09:59:16.085523,56915.75,-10,0
2025-06-09 09:59:16.599667,56915.45,-10,0
2025-06-09 09:59:18.393921,56914.2,-10,0
2025-06-09 09:59:18.394100,56918.75,-10,0
2025-06-09 09:59:18.394179,56915.35,-10,0
2025-06-09 09:59:19.782524,56915.75,-10,0
2025-06-09 09:59:19.783546,56915.85,-10,0
2025-06-09 09:59:19.784002,56916.25,-10,0
2025-06-09 09:59:20.100505,56912.9,-10,0
2025-06-09 09:59:20.802882,56911.45,-10,0
2025-06-09 09:59:21.575105,56909.95,-10,0
2025-06-09 09:59:21.800996,56912.35,-10,0
2025-06-09 09:59:22.088465,56913.9,-10,0
2025-06-09 09:59:29.787668,56915.45,-10,0
2025-06-09 09:59:29.789326,56918.8,-10,0
2025-06-09 09:59:29.789714,56917.2,-10,0
2025-06-09 09:59:29.789943,56913.35,-10,0
2025-06-09 09:59:29.790134,56917.05,-10,0
2025-06-09 09:59:29.790307,56913.45,-10,0
2025-06-09 09:59:29.790473,56915.6,-10,0
2025-06-09 09:59:29.790627,56916.45,-10,0
2025-06-09 09:59:29.790771,56917.3,-10,0
2025-06-09 09:59:29.790932,56918.3,-10,0
2025-06-09 09:59:29.791128,56919.05,-10,0
2025-06-09 09:59:29.791299,56918.55,-10,0
2025-06-09 09:59:29.791589,56917.95,-10,0
2025-06-09 09:59:29.819895,56918.9,-10,0
2025-06-09 09:59:29.820250,56922.4,-10,0
2025-06-09 09:59:30.090316,56917.25,-10,0
2025-06-09 09:59:31.005192,56921.05,-10,0
2025-06-09 09:59:31.090317,56923.05,-10,0
2025-06-09 09:59:31.672185,56924.45,-10,0
2025-06-09 09:59:32.087920,56923.15,-10,0
2025-06-09 09:59:39.793353,56925.85,-10,0
2025-06-09 09:59:39.793550,56925.9,-10,0
2025-06-09 09:59:39.793615,56928.0,-10,0
2025-06-09 09:59:39.793668,56930.55,-10,0
2025-06-09 09:59:39.793719,56927.75,-10,0
2025-06-09 09:59:39.793767,56927.6,-10,0
2025-06-09 09:59:39.793818,56926.65,-10,0
2025-06-09 09:59:39.793872,56926.4,-10,0
2025-06-09 09:59:39.793922,56930.45,-10,0
2025-06-09 09:59:39.793969,56927.85,-10,0
2025-06-09 09:59:39.794015,56928.0,-10,0
2025-06-09 09:59:39.794060,56926.75,-10,0
2025-06-09 09:59:39.794120,56927.15,-10,0
2025-06-09 09:59:39.853289,56928.55,-10,0
2025-06-09 09:59:39.853439,56925.6,-10,0
2025-06-09 09:59:40.676403,56927.3,-10,0
2025-06-09 09:59:40.676897,56925.6,-10,0
2025-06-09 09:59:41.086433,56928.65,-10,0
2025-06-09 09:59:41.675093,56932.2,-10,0
2025-06-09 09:59:44.855434,56932.6,-10,0
2025-06-09 09:59:44.855817,56933.7,-10,0
2025-06-09 09:59:44.856063,56934.1,-10,0
2025-06-09 09:59:44.856423,56932.1,-10,0
2025-06-09 09:59:44.856812,56932.3,-10,0
2025-06-09 09:59:44.857008,56931.6,-10,0
2025-06-09 09:59:47.067474,56931.65,-10,0
2025-06-09 09:59:47.067773,56934.45,-10,0
2025-06-09 09:59:47.067897,56933.6,-10,0
2025-06-09 09:59:47.068019,56932.5,-10,0
2025-06-09 09:59:47.086035,56932.0,-10,0
2025-06-09 09:59:49.799074,56932.1,-10,0
2025-06-09 09:59:49.799642,56932.05,-10,0
2025-06-09 09:59:49.800018,56934.75,-10,0
2025-06-09 09:59:49.800557,56934.1,-10,0
2025-06-09 09:59:49.800840,56933.95,-10,0
2025-06-09 09:59:50.082714,56933.7,-10,0
2025-06-09 09:59:51.680473,56933.75,-10,0
2025-06-09 09:59:51.680900,56931.9,-10,0
2025-06-09 09:59:51.681118,56932.05,-10,0
2025-06-09 09:59:52.085587,56933.6,-10,0
2025-06-09 09:59:55.616520,56935.35,-10,0
2025-06-09 09:59:55.617108,56933.25,-10,0
2025-06-09 09:59:55.617477,56933.25,-10,0
2025-06-09 09:59:55.617797,56933.35,-10,0
2025-06-09 09:59:55.618109,56934.4,-10,0
2025-06-09 09:59:55.618394,56935.95,-10,0
2025-06-09 09:59:55.618682,56933.3,-10,0
2025-06-09 09:59:59.804622,56936.9,-10,0
2025-06-09 09:59:59.805161,56937.3,-10,0
2025-06-09 09:59:59.805499,56932.15,-10,0
2025-06-09 09:59:59.805790,56929.85,-10,0
2025-06-09 09:59:59.806050,56930.55,-10,0
2025-06-09 09:59:59.806327,56932.35,-10,0
2025-06-09 09:59:59.806593,56929.85,-10,0
2025-06-09 09:59:59.806974,56932.2,-10,0
2025-06-09 10:00:00.094631,56932.2,-10,0
2025-06-09 10:00:01.606613,56934.45,-10,0
2025-06-09 10:00:01.607077,56932.45,-10,0
2025-06-09 10:00:01.607362,56934.0,-10,0
2025-06-09 10:00:06.662942,56935.15,-10,0
2025-06-09 10:00:06.663690,56933.9,-10,0
2025-06-09 10:00:06.664212,56937.5,-10,0
2025-06-09 10:00:06.664591,56937.75,-10,0
2025-06-09 10:00:06.664897,56941.8,-10,0
2025-06-09 10:00:06.665123,56940.4,-10,0
2025-06-09 10:00:06.665267,56945.75,-10,0
2025-06-09 10:00:06.665409,56947.1,-10,0
2025-06-09 10:00:06.665540,56949.55,-10,0
2025-06-09 10:00:06.665775,56950.15,-10,0
2025-06-09 10:00:09.806024,56951.1,-10,0
2025-06-09 10:00:09.806541,56944.6,-10,0
2025-06-09 10:00:09.806956,56944.55,-10,0
2025-06-09 10:00:09.807465,56947.4,-10,0
2025-06-09 10:00:09.807707,56948.75,-10,0
2025-06-09 10:00:09.807903,56946.8,-10,0
2025-06-09 10:00:10.090918,56947.65,-10,0
2025-06-09 10:00:11.685602,56944.85,-10,0
2025-06-09 10:00:11.686224,56946.0,-10,0
2025-06-09 10:00:11.686577,56948.7,-10,0
2025-06-09 10:00:19.808868,56951.1,-10,0
2025-06-09 10:00:19.809420,56950.75,-10,0
2025-06-09 10:00:19.809810,56951.35,-10,0
2025-06-09 10:00:19.810686,56950.25,-10,0
2025-06-09 10:00:19.811152,56946.5,-10,0
2025-06-09 10:00:19.811467,56946.45,-10,0
2025-06-09 10:00:19.811754,56948.25,-10,0
2025-06-09 10:00:19.812026,56947.85,-10,0
2025-06-09 10:00:19.812269,56948.7,-10,0
2025-06-09 10:00:19.812418,56947.4,-10,0
2025-06-09 10:00:19.812682,56947.8,-10,0
2025-06-09 10:00:19.881312,56948.6,-10,0
2025-06-09 10:00:19.881520,56948.0,-10,0
2025-06-09 10:00:19.881598,56944.7,-10,0
2025-06-09 10:00:19.881660,56943.4,-10,0
2025-06-09 10:00:19.881712,56944.65,-10,0
2025-06-09 10:00:20.096055,56945.3,-10,0
2025-06-09 10:00:20.597494,56946.25,-10,0
2025-06-09 10:00:21.097034,56949.75,-10,0
2025-06-09 10:00:21.596486,56949.8,-10,0
2025-06-09 10:00:22.092216,56951.2,-10,0
2025-06-09 10:00:26.626088,56947.95,-10,0
2025-06-09 10:00:26.626686,56947.85,-10,0
2025-06-09 10:00:26.627079,56950.2,-10,0
2025-06-09 10:00:26.627430,56945.2,-10,0
2025-06-09 10:00:26.627939,56950.35,-10,0
2025-06-09 10:00:26.628231,56948.55,-10,0
2025-06-09 10:00:26.628449,56949.95,-10,0
2025-06-09 10:00:26.671257,56948.95,-10,0
2025-06-09 10:00:26.671653,56949.55,-10,0
2025-06-09 10:00:29.816449,56947.65,-10,0
2025-06-09 10:00:29.817047,56948.2,-10,0
2025-06-09 10:00:29.817443,56949.9,-10,0
2025-06-09 10:00:29.817913,56952.95,-10,0
2025-06-09 10:00:29.818402,56948.5,-10,0
2025-06-09 10:00:29.819349,56949.35,-10,0
2025-06-09 10:00:31.693646,56947.3,-10,0
2025-06-09 10:00:31.693870,56950.25,-10,0
2025-06-09 10:00:31.693982,56948.1,-10,0
2025-06-09 10:00:31.694073,56949.05,-10,0
2025-06-09 10:00:33.373532,56950.25,-10,0
2025-06-09 10:00:33.373845,56950.35,-10,0
2025-06-09 10:00:33.374022,56951.05,-10,0
2025-06-09 10:00:34.807989,56950.1,-10,0
2025-06-09 10:00:34.808256,56949.2,-10,0
2025-06-09 10:00:34.808411,56947.6,-10,0
2025-06-09 10:00:35.429964,56953.65,-10,0
2025-06-09 10:00:35.599215,56951.7,-10,0
2025-06-09 10:00:36.146578,56951.1,-10,0
2025-06-09 10:00:36.798642,56950.65,-10,0
2025-06-09 10:00:37.889621,56953.6,-10,0
2025-06-09 10:00:37.890273,56950.0,-10,0
2025-06-09 10:00:38.093600,56947.55,-10,0
2025-06-09 10:00:38.598658,56947.35,-10,0
2025-06-09 10:00:39.818093,56947.7,-10,0
2025-06-09 10:00:39.818653,56951.25,-10,0
2025-06-09 10:00:40.088723,56948.3,-10,0
2025-06-09 10:00:40.739564,56948.45,-10,0
2025-06-09 10:00:41.697574,56948.95,-10,0
2025-06-09 10:00:41.697978,56950.75,-10,0
2025-06-09 10:00:43.555652,56946.15,-10,0
2025-06-09 10:00:43.556254,56944.0,-10,0
2025-06-09 10:00:43.556667,56942.15,-10,0
2025-06-09 10:00:43.599878,56949.65,-10,0
2025-06-09 10:00:44.089405,56948.95,-10,0
2025-06-09 10:00:48.607792,56950.15,-10,0
2025-06-09 10:00:48.608330,56947.55,-10,0
2025-06-09 10:00:48.608695,56943.55,-10,0
2025-06-09 10:00:48.609025,56943.55,-10,0
2025-06-09 10:00:48.609346,56942.8,-10,0
2025-06-09 10:00:48.609565,56942.2,-10,0
2025-06-09 10:00:48.609728,56941.0,-10,0
2025-06-09 10:00:48.610008,56942.35,-10,0
2025-06-09 10:00:48.631968,56944.5,-10,0
2025-06-09 10:00:49.152410,56946.65,-10,0
2025-06-09 10:00:49.597161,56944.65,-10,0
2025-06-09 10:00:50.086703,56941.9,-10,0
2025-06-09 10:00:50.600212,56941.8,-10,0
2025-06-09 10:00:51.129283,56943.4,-10,0
2025-06-09 10:00:51.703832,56948.1,-10,0
2025-06-09 10:00:52.089955,56946.0,-10,0
2025-06-09 10:00:53.862384,56943.05,-10,0
2025-06-09 10:00:53.862964,56946.45,-10,0
2025-06-09 10:00:53.863436,56947.7,-10,0
2025-06-09 10:00:54.091285,56944.15,-10,0
2025-06-09 10:00:55.615554,56943.85,-10,0
2025-06-09 10:00:55.616202,56944.25,-10,0
2025-06-09 10:00:55.616948,56945.25,-10,0
2025-06-09 10:00:56.088158,56945.7,-10,0
2025-06-09 10:00:57.856019,56948.4,-10,0
2025-06-09 10:00:57.856708,56948.25,-10,0
2025-06-09 10:00:57.857280,56946.25,-10,0
2025-06-09 10:00:58.088376,56943.35,-10,0
2025-06-09 10:00:59.169468,56942.4,-10,0
2025-06-09 10:00:59.170259,56943.0,-10,0
2025-06-09 10:00:59.598091,56946.15,-10,0
2025-06-09 10:01:00.088009,56939.7,-10,0
2025-06-09 10:01:01.706260,56945.7,-10,0
2025-06-09 10:01:01.706847,56944.35,-10,0
2025-06-09 10:01:01.707344,56945.25,-10,0
2025-06-09 10:01:04.183558,56942.3,-10,0
2025-06-09 10:01:04.184216,56939.2,-10,0
2025-06-09 10:01:04.184635,56938.7,-10,0
2025-06-09 10:01:04.184818,56940.35,-10,0
2025-06-09 10:01:04.184973,56937.95,-10,0
2025-06-09 10:01:04.600669,56929.85,-10,0
2025-06-09 10:01:05.088295,56935.0,-10,0
2025-06-09 10:01:05.841831,56936.35,-10,0
2025-06-09 10:01:09.218761,56938.55,-10,0
2025-06-09 10:01:09.219581,56935.15,-10,0
2025-06-09 10:01:09.220187,56927.65,-10,0
2025-06-09 10:01:09.220460,56938.2,-10,0
2025-06-09 10:01:09.220627,56933.6,-10,0
2025-06-09 10:01:09.220775,56934.15,-10,0
2025-06-09 10:01:09.220908,56930.85,-10,0
2025-06-09 10:01:09.596765,56936.85,-10,0
2025-06-09 10:01:10.089352,56930.9,-10,0
2025-06-09 10:01:11.708425,56936.65,-10,0
2025-06-09 10:01:11.709034,56936.7,-10,0
2025-06-09 10:01:11.709577,56940.5,-10,0
2025-06-09 10:01:14.257667,56942.6,-10,0
2025-06-09 10:01:14.258229,56944.15,-10,0
2025-06-09 10:01:14.258579,56945.35,-10,0
2025-06-09 10:01:14.258889,56943.8,-10,0
2025-06-09 10:01:14.259080,56939.55,-10,0
2025-06-09 10:01:14.601218,56943.0,-10,0
2025-06-09 10:01:16.939384,56939.05,-10,0
2025-06-09 10:01:16.939565,56941.15,-10,0
2025-06-09 10:01:16.939657,56940.6,-10,0
2025-06-09 10:01:16.939735,56940.85,-10,0
2025-06-09 10:01:17.089218,56940.6,-10,0
2025-06-09 10:01:17.597435,56939.6,-10,0
2025-06-09 10:01:19.270192,56940.65,-10,0
2025-06-09 10:01:19.270794,56946.05,-10,0
2025-06-09 10:01:19.271394,56951.75,-10,0
2025-06-09 10:01:19.598366,56949.55,-10,0
2025-06-09 10:01:20.090474,56955.1,-10,0
2025-06-09 10:01:20.603600,56949.4,-10,0
2025-06-09 10:01:21.573034,56953.7,-10,0
2025-06-09 10:01:21.599730,56950.3,-10,0
2025-06-09 10:01:22.089626,56951.75,-10,0
2025-06-09 10:01:23.886134,56954.75,-10,0
2025-06-09 10:01:23.886417,56954.6,-10,0
2025-06-09 10:01:23.886773,56954.7,-10,0
2025-06-09 10:01:24.102547,56951.45,-10,0
2025-06-09 10:01:28.667325,56956.25,-10,0
2025-06-09 10:01:28.669053,56953.75,-10,0
2025-06-09 10:01:28.669548,56954.65,-10,0
2025-06-09 10:01:28.670007,56959.05,-10,0
2025-06-09 10:01:28.670238,56956.6,-10,0
2025-06-09 10:01:28.670448,56959.25,-10,0
2025-06-09 10:01:29.643781,56962.45,-10,0
2025-06-09 10:01:29.643969,56959.45,-10,0
2025-06-09 10:01:29.644047,56949.35,-10,0
2025-06-09 10:01:29.644127,56952.75,-10,0
2025-06-09 10:01:29.644202,56954.65,-10,0
2025-06-09 10:01:30.089103,56955.7,-10,0
2025-06-09 10:01:31.002402,56962.1,-10,0
2025-06-09 10:01:31.088199,56957.1,-10,0
2025-06-09 10:01:31.647012,56957.5,-10,0
2025-06-09 10:01:32.092039,56961.7,-10,0
2025-06-09 10:01:33.244363,56961.05,-10,0
2025-06-09 10:01:33.244995,56960.0,-10,0
2025-06-09 10:01:33.598054,56963.65,-10,0
2025-06-09 10:01:34.088613,56956.25,-10,0
2025-06-09 10:01:34.601669,56958.6,-10,0
2025-06-09 10:01:35.089426,56952.5,-10,0
2025-06-09 10:01:35.601801,56957.55,-10,0
2025-06-09 10:01:36.088781,56955.6,-10,0
2025-06-09 10:01:37.140726,56954.65,-10,0
2025-06-09 10:01:37.140957,56956.35,-10,0
2025-06-09 10:01:37.601669,56953.8,-10,0
2025-06-09 10:01:38.091641,56958.0,-10,0
2025-06-09 10:01:38.597312,56957.3,-10,0
2025-06-09 10:01:39.737684,56956.5,-10,0
2025-06-09 10:01:39.738244,56956.1,-10,0
2025-06-09 10:01:40.090185,56957.45,-10,0
2025-06-09 10:01:40.598879,56954.5,-10,0
2025-06-09 10:01:41.088906,56956.85,-10,0
2025-06-09 10:01:41.722489,56956.65,-10,0
2025-06-09 10:01:42.089819,56956.25,-10,0
2025-06-09 10:01:42.598850,56954.5,-10,0
2025-06-09 10:01:43.089653,56956.25,-10,0
2025-06-09 10:01:43.604208,56960.7,-10,0
2025-06-09 10:01:44.101871,56953.05,-10,0
2025-06-09 10:01:45.363842,56954.65,-10,0
2025-06-09 10:01:45.364454,56954.8,-10,0
2025-06-09 10:01:45.600808,56955.45,-10,0
2025-06-09 10:01:47.319992,56958.75,-10,0
2025-06-09 10:01:47.320857,56954.4,-10,0
2025-06-09 10:01:47.321270,56954.75,-10,0
2025-06-09 10:01:47.601943,56960.4,-10,0
2025-06-09 10:01:49.849755,56955.5,-10,0
2025-06-09 10:01:49.850799,56949.55,-10,0
2025-06-09 10:01:49.851339,56954.6,-10,0
2025-06-09 10:01:49.851575,56950.8,-10,0
2025-06-09 10:01:50.088905,56951.7,-10,0
2025-06-09 10:01:51.729808,56950.55,-10,0
2025-06-09 10:01:51.730212,56952.3,-10,0
2025-06-09 10:01:51.730445,56955.4,-10,0
2025-06-09 10:01:52.090190,56954.35,-10,0
2025-06-09 10:01:53.973110,56958.25,-10,0
2025-06-09 10:01:53.974619,56955.25,-10,0
2025-06-09 10:01:53.977061,56955.75,-10,0
2025-06-09 10:01:54.088374,56953.55,-10,0
2025-06-09 10:01:55.614342,56956.8,-10,0
2025-06-09 10:01:55.614953,56954.45,-10,0
2025-06-09 10:01:55.615354,56956.3,-10,0
2025-06-09 10:01:56.089734,56954.15,-10,0
2025-06-09 10:01:58.085043,56951.1,-10,0
2025-06-09 10:01:58.086440,56952.6,-10,0
2025-06-09 10:01:58.086633,56955.3,-10,0
2025-06-09 10:01:58.088994,56957.15,-10,0
2025-06-09 10:01:59.427233,56954.95,-10,0
2025-06-09 10:01:59.427842,56956.8,-10,0
2025-06-09 10:01:59.796039,56957.0,-10,0
2025-06-09 10:02:00.089332,56955.6,-10,0
2025-06-09 10:02:00.789401,56951.35,-10,0
2025-06-09 10:02:01.726689,56953.4,-10,0
2025-06-09 10:02:01.727021,56957.5,-10,0
2025-06-09 10:02:02.099023,56952.1,-10,0
2025-06-09 10:02:05.797786,56951.9,-10,0
2025-06-09 10:02:05.798409,56949.45,-10,0
2025-06-09 10:02:05.798802,56948.9,-10,0
2025-06-09 10:02:05.799064,56951.5,-10,0
2025-06-09 10:02:05.799270,56948.95,-10,0
2025-06-09 10:02:05.799456,56948.2,-10,0
2025-06-09 10:02:05.799659,56948.1,-10,0
2025-06-09 10:02:06.091370,56950.95,-10,0
2025-06-09 10:02:09.858447,56946.35,-10,0
2025-06-09 10:02:09.859004,56945.85,-10,0
2025-06-09 10:02:09.859250,56947.0,-10,0
2025-06-09 10:02:09.859457,56952.15,-10,0
2025-06-09 10:02:09.859736,56945.55,-10,0
2025-06-09 10:02:09.859936,56945.4,-10,0
2025-06-09 10:02:09.860094,56946.4,-10,0
2025-06-09 10:02:10.089966,56948.5,-10,0
2025-06-09 10:02:11.567090,56951.85,-10,0
2025-06-09 10:02:11.567329,56946.3,-10,0
2025-06-09 10:02:11.599629,56948.6,-10,0
2025-06-09 10:02:12.089021,56944.4,-10,0
2025-06-09 10:02:12.817262,56942.1,-10,0
2025-06-09 10:02:13.087548,56942.55,-10,0
2025-06-09 10:02:13.603124,56941.2,-10,0
2025-06-09 10:02:14.093977,56937.2,-10,0
2025-06-09 10:02:16.490518,56938.6,-10,0
2025-06-09 10:02:16.490689,56944.0,-10,0
2025-06-09 10:02:16.490764,56945.4,-10,0
2025-06-09 10:02:16.490834,56947.3,-10,0
2025-06-09 10:02:16.696133,56939.1,-10,0
2025-06-09 10:02:17.095497,56941.2,-10,0
2025-06-09 10:02:17.604429,56942.2,-10,0
2025-06-09 10:02:18.091569,56944.1,-10,0
2025-06-09 10:02:18.613464,56941.25,-10,0
2025-06-09 10:02:19.100901,56940.35,-10,0
